SKU,kind,colour,model,season,alt_thumbnail,name
MDTN4,Beats Case,Sunrise Pink,iPhone 16 Pro Max,December 2024,,Beats iPhone 16 Pro Max Case with MagSafe — Special Edition — Sunrise Pink
MDTM4,Beats Case,Twilight Blue,iPhone 16 Pro Max,December 2024,,Beats iPhone 16 Pro Max Case with MagSafe — Special Edition — Twilight Blue
MDTL4,Beats Case,Sunrise Pink,iPhone 16 Pro,December 2024,,Beats iPhone 16 Pro Case with MagSafe — Special Edition — Sunrise Pink
MDTK4,Beats Case,Twilight Blue,iPhone 16 Pro,December 2024,,Beats iPhone 16 Pro Case with MagSafe — Special Edition — Twilight Blue
MDTG4,Beats Case,Sunrise Pink,iPhone 16 Plus,December 2024,,Beats iPhone 16 Plus Case with MagSafe — Special Edition — Sunrise Pink
MDTE4,Beats Case,Twilight Blue,iPhone 16 Plus,December 2024,,Beats iPhone 16 Plus Case with MagSafe — Special Edition — Twilight Blue
MDTD4,Beats Case,Sunrise Pink,iPhone 16,December 2024,,Beats iPhone 16 Case with MagSafe — Special Edition — Sunrise Pink
MDTC4,Beats Case,Twilight Blue,iPhone 16,December 2024,,Beats iPhone 16 Case with MagSafe — Special Edition — Twilight Blue
MA7U4,Silicone Case,Star Fruit,iPhone 16 Pro Max,Autumn 2024,,iPhone 16 Pro Max Silicone Case with MagSafe — Star Fruit
MA7V4,Silicone Case,Lake Green,iPhone 16 Pro Max,Autumn 2024,,iPhone 16 Pro Max Silicone Case with MagSafe — Lake Green
MYYT3,Silicone Case,Black,iPhone 16 Pro Max,Autumn 2024,,iPhone 16 Pro Max Silicone Case with MagSafe — Black
MYYU3,Silicone Case,Denim,iPhone 16 Pro Max,Autumn 2024,,iPhone 16 Pro Max Silicone Case with MagSafe — Denim
MYYV3,Silicone Case,Stone Gray,iPhone 16 Pro Max,Autumn 2024,,iPhone 16 Pro Max Silicone Case with MagSafe — Stone Gray
MYYW3,Silicone Case,Plum,iPhone 16 Pro Max,Autumn 2024,,iPhone 16 Pro Max Silicone Case with MagSafe — Plum
MYYX3,Silicone Case,Fuchsia,iPhone 16 Pro Max,Autumn 2024,,iPhone 16 Pro Max Silicone Case with MagSafe — Fuchsia
MYYY3,Silicone Case,Ultramarine,iPhone 16 Pro Max,Autumn 2024,,iPhone 16 Pro Max Silicone Case with MagSafe — Ultramarine
MA7F4,Clear Case,Clear Case,iPhone 16 Pro Max,Autumn 2024,,iPhone 16 Pro Max Clear Case with MagSafe
MCFQ4,Beats Case,Midnight Black,iPhone 16 Pro Max,Autumn 2024,,Beats iPhone 16 Pro Max Case with MagSafe — Midnight Black
MCFR4,Beats Case,Summit Stone,iPhone 16 Pro Max,Autumn 2024,,Beats iPhone 16 Pro Max Case with MagSafe — Summit Stone
MCFT4,Beats Case,Riptide Blue,iPhone 16 Pro Max,Autumn 2024,,Beats iPhone 16 Pro Max Case with MagSafe — Riptide Blue
MCFU4,Beats Case,Sunset Purple,iPhone 16 Pro Max,Autumn 2024,,Beats iPhone 16 Pro Max Case with MagSafe — Sunset Purple
MYYJ3,Silicone Case,Black,iPhone 16 Pro,Autumn 2024,,iPhone 16 Pro Silicone Case with MagSafe — Black
MYYK3,Silicone Case,Denim,iPhone 16 Pro,Autumn 2024,,iPhone 16 Pro Silicone Case with MagSafe — Denim
MYYL3,Silicone Case,Stone Gray,iPhone 16 Pro,Autumn 2024,,iPhone 16 Pro Silicone Case with MagSafe — Stone Gray
MYYM3,Silicone Case,Plum,iPhone 16 Pro,Autumn 2024,,iPhone 16 Pro Silicone Case with MagSafe — Plum
MYYN3,Silicone Case,Fuchsia,iPhone 16 Pro,Autumn 2024,,iPhone 16 Pro Silicone Case with MagSafe — Fuchsia
MYYP3,Silicone Case,Ultramarine,iPhone 16 Pro,Autumn 2024,,iPhone 16 Pro Silicone Case with MagSafe — Ultramarine
MYYQ3,Silicone Case,Star Fruit,iPhone 16 Pro,Autumn 2024,,iPhone 16 Pro Silicone Case with MagSafe — Star Fruit
MYYR3,Silicone Case,Lake Green,iPhone 16 Pro,Autumn 2024,,iPhone 16 Pro Silicone Case with MagSafe — Lake Green
MA7E4,Clear Case,Clear Case,iPhone 16 Pro,Autumn 2024,,iPhone 16 Pro Clear Case with MagSafe
MCFL4,Beats Case,Midnight Black,iPhone 16 Pro,Autumn 2024,,Beats iPhone 16 Pro Case with MagSafe — Midnight Black
MCFM4,Beats Case,Summit Stone,iPhone 16 Pro,Autumn 2024,,Beats iPhone 16 Pro Case with MagSafe — Summit Stone
MCFN4,Beats Case,Riptide Blue,iPhone 16 Pro,Autumn 2024,,Beats iPhone 16 Pro Case with MagSafe — Riptide Blue
MCFP4,Beats Case,Sunset Purple,iPhone 16 Pro,Autumn 2024,,Beats iPhone 16 Pro Case with MagSafe — Sunset Purple
MYY93,Silicone Case,Black,iPhone 16 Plus,Autumn 2024,,iPhone 16 Plus Silicone Case with MagSafe — Black
MYYA3,Silicone Case,Denim,iPhone 16 Plus,Autumn 2024,,iPhone 16 Plus Silicone Case with MagSafe — Denim
MYYC3,Silicone Case,Stone Gray,iPhone 16 Plus,Autumn 2024,,iPhone 16 Plus Silicone Case with MagSafe — Stone Gray
MYYD3,Silicone Case,Plum,iPhone 16 Plus,Autumn 2024,,iPhone 16 Plus Silicone Case with MagSafe — Plum
MYYE3,Silicone Case,Fuchsia,iPhone 16 Plus,Autumn 2024,,iPhone 16 Plus Silicone Case with MagSafe — Fuchsia
MYYF3,Silicone Case,Ultramarine,iPhone 16 Plus,Autumn 2024,,iPhone 16 Plus Silicone Case with MagSafe — Ultramarine
MYYG3,Silicone Case,Star Fruit,iPhone 16 Plus,Autumn 2024,,iPhone 16 Plus Silicone Case with MagSafe — Star Fruit
MYYH3,Silicone Case,Lake Green,iPhone 16 Plus,Autumn 2024,,iPhone 16 Plus Silicone Case with MagSafe — Lake Green
MA7D4,Clear Case,Clear Case,iPhone 16 Plus,Autumn 2024,,iPhone 16 Plus Clear Case with MagSafe
MCFG4,Beats Case,Midnight Black,iPhone 16 Plus,Autumn 2024,,Beats iPhone 16 Plus Case with MagSafe — Midnight Black
MCFH4,Beats Case,Summit Stone,iPhone 16 Plus,Autumn 2024,,Beats iPhone 16 Plus Case with MagSafe — Summit Stone
MCFJ4,Beats Case,Riptide Blue,iPhone 16 Plus,Autumn 2024,,Beats iPhone 16 Plus Case with MagSafe — Riptide Blue
MCFK4,Beats Case,Sunset Purple,iPhone 16 Plus,Autumn 2024,,Beats iPhone 16 Plus Case with MagSafe — Sunset Purple
MYY13,Silicone Case,Black,iPhone 16,Autumn 2024,,iPhone 16 Silicone Case with MagSafe — Black
MYY23,Silicone Case,Denim,iPhone 16,Autumn 2024,,iPhone 16 Silicone Case with MagSafe — Denim
MYY33,Silicone Case,Stone Gray,iPhone 16,Autumn 2024,,iPhone 16 Silicone Case with MagSafe — Stone Gray
MYY43,Silicone Case,Plum,iPhone 16,Autumn 2024,,iPhone 16 Silicone Case with MagSafe — Plum
MYY53,Silicone Case,Fuchsia,iPhone 16,Autumn 2024,,iPhone 16 Silicone Case with MagSafe — Fuchsia
MYY63,Silicone Case,Ultramarine,iPhone 16,Autumn 2024,,iPhone 16 Silicone Case with MagSafe — Ultramarine
MYY73,Silicone Case,Star Fruit,iPhone 16,Autumn 2024,,iPhone 16 Silicone Case with MagSafe — Star Fruit
MYY83,Silicone Case,Lake Green,iPhone 16,Autumn 2024,,iPhone 16 Silicone Case with MagSafe — Lake Green
MA6A4,Clear Case,Clear Case,iPhone 16,Autumn 2024,,iPhone 16 Clear Case with MagSafe
MCFC4,Beats Case,Midnight Black,iPhone 16,Autumn 2024,,Beats iPhone 16 Case with MagSafe — Midnight Black
MCFD4,Beats Case,Summit Stone,iPhone 16,Autumn 2024,,Beats iPhone 16 Case with MagSafe — Summit Stone
MCFE4,Beats Case,Riptide Blue,iPhone 16,Autumn 2024,,Beats iPhone 16 Case with MagSafe — Riptide Blue
MCFF4,Beats Case,Sunset Purple,iPhone 16,Autumn 2024,,Beats iPhone 16 Case with MagSafe — Sunset Purple
MC2Q4,Smart Folio,Charcoal Gray,iPad mini (A17 Pro),Autumn 2024,,Smart Folio for iPad mini (A17 Pro) — Charcoal Gray
MC2T4,Smart Folio,Light Violet,iPad mini (A17 Pro),Autumn 2024,,Smart Folio for iPad mini (A17 Pro) — Light Violet
MC2U4,Smart Folio,Denim,iPad mini (A17 Pro),Autumn 2024,,Smart Folio for iPad mini (A17 Pro) — Denim
MC2V4,Smart Folio,Sage,iPad mini (A17 Pro),Autumn 2024,,Smart Folio for iPad mini (A17 Pro) — Sage
MA6W4,FineWoven Wallet,Black,MagSafe iPhone,Autumn 2024,,iPhone FineWoven Wallet with MagSafe — Black
MA6X4,FineWoven Wallet,Deep Blue,MagSafe iPhone,Autumn 2024,,iPhone FineWoven Wallet with MagSafe — Deep Blue
MA6Y4,FineWoven Wallet,Dark Green,MagSafe iPhone,Autumn 2024,,iPhone FineWoven Wallet with MagSafe — Dark Green
MA7A4,FineWoven Wallet,Blackberry,MagSafe iPhone,Autumn 2024,,iPhone FineWoven Wallet with MagSafe — Blackberry
MA7G4,FineWoven Key Ring,Black,AirTag,Autumn 2024,,AirTag FineWoven Key Ring — Black
MA7H4,FineWoven Key Ring,Deep Blue,AirTag,Autumn 2024,,AirTag FineWoven Key Ring — Deep Blue
MA7J4,FineWoven Key Ring,Dark Green,AirTag,Autumn 2024,,AirTag FineWoven Key Ring — Dark Green
MA7K4,FineWoven Key Ring,Blackberry,AirTag,Autumn 2024,,AirTag FineWoven Key Ring — Blackberry
MA7L4,FineWoven Key Ring,Chartreuse,AirTag,Autumn 2024,,AirTag FineWoven Key Ring — Chartreuse
MWNN3,Silicone Case,Pink,iPhone 15 Pro Max,Spring 2024,,iPhone 15 Pro Max Silicone Case with MagSafe — Pink
MWNP3,Silicone Case,Sunshine,iPhone 15 Pro Max,Spring 2024,,iPhone 15 Pro Max Silicone Case with MagSafe — Sunshine
MWNQ3,Silicone Case,Soft Mint,iPhone 15 Pro Max,Spring 2024,,iPhone 15 Pro Max Silicone Case with MagSafe — Soft Mint
MWNR3,Silicone Case,Light Blue,iPhone 15 Pro Max,Spring 2024,,iPhone 15 Pro Max Silicone Case with MagSafe — Light Blue
MWNJ3,Silicone Case,Pink,iPhone 15 Pro,Spring 2024,,iPhone 15 Pro Silicone Case with MagSafe — Pink
MWNK3,Silicone Case,Sunshine,iPhone 15 Pro,Spring 2024,,iPhone 15 Pro Silicone Case with MagSafe — Sunshine
MWNL3,Silicone Case,Soft Mint,iPhone 15 Pro,Spring 2024,,iPhone 15 Pro Silicone Case with MagSafe — Soft Mint
MWNM3,Silicone Case,Light Blue,iPhone 15 Pro,Spring 2024,,iPhone 15 Pro Silicone Case with MagSafe — Light Blue
MWNE3,Silicone Case,Pink,iPhone 15 Plus,Spring 2024,,iPhone 15 Plus Silicone Case with MagSafe — Pink
MWNF3,Silicone Case,Sunshine,iPhone 15 Plus,Spring 2024,,iPhone 15 Plus Silicone Case with MagSafe — Sunshine
MWNG3,Silicone Case,Soft Mint,iPhone 15 Plus,Spring 2024,,iPhone 15 Plus Silicone Case with MagSafe — Soft Mint
MWNH3,Silicone Case,Light Blue,iPhone 15 Plus,Spring 2024,,iPhone 15 Plus Silicone Case with MagSafe — Light Blue
MWN93,Silicone Case,Pink,iPhone 15,Spring 2024,,iPhone 15 Silicone Case with MagSafe — Pink
MWNA3,Silicone Case,Sunshine,iPhone 15,Spring 2024,,iPhone 15 Silicone Case with MagSafe — Sunshine
MWNC3,Silicone Case,Soft Mint,iPhone 15,Spring 2024,,iPhone 15 Silicone Case with MagSafe — Soft Mint
MWND3,Silicone Case,Light Blue,iPhone 15,Spring 2024,,iPhone 15 Silicone Case with MagSafe — Light Blue
MWK23,Smart Folio,White,iPad Pro 13-inch (M4),Spring 2024,,Smart Folio for iPad Pro 13″ (M4) — White
MWK33,Smart Folio,Black,iPad Pro 13-inch (M4),Spring 2024,,Smart Folio for iPad Pro 13″ (M4) — Black
MWK43,Smart Folio,Denim,iPad Pro 13-inch (M4),Spring 2024,,Smart Folio for iPad Pro 13″ (M4) — Denim
MW973,Smart Folio,White,iPad Pro 11-inch (M4),Spring 2024,,Smart Folio for iPad Pro 11″ (M4) — White
MW983,Smart Folio,Black,iPad Pro 11-inch (M4),Spring 2024,,Smart Folio for iPad Pro 11″ (M4) — Black
MW993,Smart Folio,Denim,iPad Pro 11-inch (M4),Spring 2024,,Smart Folio for iPad Pro 11″ (M4) — Denim
MWK93,Smart Folio,Charcoal Gray,iPad Air 13-inch,Spring 2024,,Smart Folio for iPad Air 13″ — Charcoal Gray
MWKA3,Smart Folio,Denim,iPad Air 13-inch,Spring 2024,,Smart Folio for iPad Air 13″ — Denim
MWKC3,Smart Folio,Sage,iPad Air 13-inch,Spring 2024,,Smart Folio for iPad Air 13″ — Sage
MWKD3,Smart Folio,Light Violet,iPad Air 13-inch,Spring 2024,,Smart Folio for iPad Air 13″ — Light Violet
MWK53,Smart Folio,Charcoal Gray,iPad Air 11-inch,Spring 2024,,Smart Folio for iPad Air 11″ — Charcoal Gray
MWK63,Smart Folio,Denim,iPad Air 11-inch,Spring 2024,,Smart Folio for iPad Air 11″ — Denim
MWK73,Smart Folio,Sage,iPad Air 11-inch,Spring 2024,,Smart Folio for iPad Air 11″ — Sage
MWK83,Smart Folio,Light Violet,iPad Air 11-inch,Spring 2024,,Smart Folio for iPad Air 11″ — Light Violet
MT1M3,Silicone Case,Black,iPhone 15 Pro Max,Autumn 2023,,iPhone 15 Pro Max Silicone Case with MagSafe — Black
MT1P3,Silicone Case,Storm Blue,iPhone 15 Pro Max,Autumn 2023,,iPhone 15 Pro Max Silicone Case with MagSafe — Storm Blue
MT1Q3,Silicone Case,Clay,iPhone 15 Pro Max,Autumn 2023,,iPhone 15 Pro Max Silicone Case with MagSafe — Clay
MT1U3,Silicone Case,Light Pink,iPhone 15 Pro Max,Autumn 2023,,iPhone 15 Pro Max Silicone Case with MagSafe — Light Pink
MT1V3,Silicone Case,Guava,iPhone 15 Pro Max,Autumn 2023,,iPhone 15 Pro Max Silicone Case with MagSafe — Guava
MT1W3,Silicone Case,Orange Sorbet,iPhone 15 Pro Max,Autumn 2023,,iPhone 15 Pro Max Silicone Case with MagSafe — Orange Sorbet
MT1X3,Silicone Case,Cypress,iPhone 15 Pro Max,Autumn 2023,,iPhone 15 Pro Max Silicone Case with MagSafe — Cypress
MT1Y3,Silicone Case,Winter Blue,iPhone 15 Pro Max,Autumn 2023,,iPhone 15 Pro Max Silicone Case with MagSafe — Winter Blue
MT4V3,FineWoven Case,Black,iPhone 15 Pro Max,Autumn 2023,,iPhone 15 Pro Max FineWoven Case with MagSafe — Black
MT4W3,FineWoven Case,Taupe,iPhone 15 Pro Max,Autumn 2023,,iPhone 15 Pro Max FineWoven Case with MagSafe — Taupe
MT4X3,FineWoven Case,Mulberry,iPhone 15 Pro Max,Autumn 2023,,iPhone 15 Pro Max FineWoven Case with MagSafe — Mulberry
MT4Y3,FineWoven Case,Pacific Blue,iPhone 15 Pro Max,Autumn 2023,,iPhone 15 Pro Max FineWoven Case with MagSafe — Pacific Blue
MT503,FineWoven Case,Evergreen,iPhone 15 Pro Max,Autumn 2023,,iPhone 15 Pro Max FineWoven Case with MagSafe — Evergreen
MT233,Clear Case,Clear Case,iPhone 15 Pro Max,Autumn 2023,MT233_AV1,iPhone 15 Pro Max Clear Case with MagSafe
MT1A3,Silicone Case,Black,iPhone 15 Pro,Autumn 2023,,iPhone 15 Pro Silicone Case with MagSafe — Black
MT1D3,Silicone Case,Storm Blue,iPhone 15 Pro,Autumn 2023,,iPhone 15 Pro Silicone Case with MagSafe — Storm Blue
MT1E3,Silicone Case,Clay,iPhone 15 Pro,Autumn 2023,,iPhone 15 Pro Silicone Case with MagSafe — Clay
MT1F3,Silicone Case,Light Pink,iPhone 15 Pro,Autumn 2023,,iPhone 15 Pro Silicone Case with MagSafe — Light Pink
MT1G3,Silicone Case,Guava,iPhone 15 Pro,Autumn 2023,,iPhone 15 Pro Silicone Case with MagSafe — Guava
MT1H3,Silicone Case,Orange Sorbet,iPhone 15 Pro,Autumn 2023,,iPhone 15 Pro Silicone Case with MagSafe — Orange Sorbet
MT1J3,Silicone Case,Cypress,iPhone 15 Pro,Autumn 2023,,iPhone 15 Pro Silicone Case with MagSafe — Cypress
MT1L3,Silicone Case,Winter Blue,iPhone 15 Pro,Autumn 2023,,iPhone 15 Pro Silicone Case with MagSafe — Winter Blue
MT4H3,FineWoven Case,Black,iPhone 15 Pro,Autumn 2023,,iPhone 15 Pro FineWoven Case with MagSafe — Black
MT4J3,FineWoven Case,Taupe,iPhone 15 Pro,Autumn 2023,,iPhone 15 Pro FineWoven Case with MagSafe — Taupe
MT4L3,FineWoven Case,Mulberry,iPhone 15 Pro,Autumn 2023,,iPhone 15 Pro FineWoven Case with MagSafe — Mulberry
MT4Q3,FineWoven Case,Pacific Blue,iPhone 15 Pro,Autumn 2023,,iPhone 15 Pro FineWoven Case with MagSafe — Pacific Blue
MT4U3,FineWoven Case,Evergreen,iPhone 15 Pro,Autumn 2023,,iPhone 15 Pro FineWoven Case with MagSafe — Evergreen
MT223,Clear Case,Clear Case,iPhone 15 Pro,Autumn 2023,MT223_AV2,iPhone 15 Pro Clear Case with MagSafe
MT103,Silicone Case,Black,iPhone 15 Plus,Autumn 2023,,iPhone 15 Plus Silicone Case with MagSafe — Black
MT123,Silicone Case,Storm Blue,iPhone 15 Plus,Autumn 2023,,iPhone 15 Plus Silicone Case with MagSafe — Storm Blue
MT133,Silicone Case,Clay,iPhone 15 Plus,Autumn 2023,,iPhone 15 Plus Silicone Case with MagSafe — Clay
MT143,Silicone Case,Light Pink,iPhone 15 Plus,Autumn 2023,,iPhone 15 Plus Silicone Case with MagSafe — Light Pink
MT163,Silicone Case,Guava,iPhone 15 Plus,Autumn 2023,,iPhone 15 Plus Silicone Case with MagSafe — Guava
MT173,Silicone Case,Orange Sorbet,iPhone 15 Plus,Autumn 2023,,iPhone 15 Plus Silicone Case with MagSafe — Orange Sorbet
MT183,Silicone Case,Cypress,iPhone 15 Plus,Autumn 2023,,iPhone 15 Plus Silicone Case with MagSafe — Cypress
MT193,Silicone Case,Winter Blue,iPhone 15 Plus,Autumn 2023,,iPhone 15 Plus Silicone Case with MagSafe — Winter Blue
MT423,FineWoven Case,Black,iPhone 15 Plus,Autumn 2023,,iPhone 15 Plus FineWoven Case with MagSafe — Black
MT473,FineWoven Case,Taupe,iPhone 15 Plus,Autumn 2023,,iPhone 15 Plus FineWoven Case with MagSafe — Taupe
MT4A3,FineWoven Case,Mulberry,iPhone 15 Plus,Autumn 2023,,iPhone 15 Plus FineWoven Case with MagSafe — Mulberry
MT4D3,FineWoven Case,Pacific Blue,iPhone 15 Plus,Autumn 2023,,iPhone 15 Plus FineWoven Case with MagSafe — Pacific Blue
MT4F3,FineWoven Case,Evergreen,iPhone 15 Plus,Autumn 2023,,iPhone 15 Plus FineWoven Case with MagSafe — Evergreen
MT213,Clear Case,Clear Case,iPhone 15 Plus,Autumn 2023,MT213_AV1,iPhone 15 Plus Clear Case with MagSafe
MT0J3,Silicone Case,Black,iPhone 15,Autumn 2023,,iPhone 15 Silicone Case with MagSafe — Black
MT0N3,Silicone Case,Storm Blue,iPhone 15,Autumn 2023,,iPhone 15 Silicone Case with MagSafe — Storm Blue
MT0Q3,Silicone Case,Clay,iPhone 15,Autumn 2023,,iPhone 15 Silicone Case with MagSafe — Clay
MT0U3,Silicone Case,Light Pink,iPhone 15,Autumn 2023,,iPhone 15 Silicone Case with MagSafe — Light Pink
MT0V3,Silicone Case,Guava,iPhone 15,Autumn 2023,,iPhone 15 Silicone Case with MagSafe — Guava
MT0W3,Silicone Case,Orange Sorbet,iPhone 15,Autumn 2023,,iPhone 15 Silicone Case with MagSafe — Orange Sorbet
MT0X3,Silicone Case,Cypress,iPhone 15,Autumn 2023,,iPhone 15 Silicone Case with MagSafe — Cypress
MT0Y3,Silicone Case,Winter Blue,iPhone 15,Autumn 2023,,iPhone 15 Silicone Case with MagSafe — Winter Blue
MT393,FineWoven Case,Black,iPhone 15,Autumn 2023,,iPhone 15 FineWoven Case with MagSafe — Black
MT3C3,FineWoven Case,Taupe,iPhone 15,Autumn 2023,,iPhone 15 FineWoven Case with MagSafe — Taupe
MT3E3,FineWoven Case,Mulberry,iPhone 15,Autumn 2023,,iPhone 15 FineWoven Case with MagSafe — Mulberry
MT3G3,FineWoven Case,Pacific Blue,iPhone 15,Autumn 2023,,iPhone 15 FineWoven Case with MagSafe — Pacific Blue
MT3J3,FineWoven Case,Evergreen,iPhone 15,Autumn 2023,,iPhone 15 FineWoven Case with MagSafe — Evergreen
MT203,Clear Case,Clear Case,iPhone 15,Autumn 2023,MT203_AV2,iPhone 15 Clear Case with MagSafe
MQUL3,Silicone Case,Canary Yellow,iPhone 14 Pro Max,Spring 2023,,iPhone 14 Pro Max Silicone Case with MagSafe — Canary Yellow
MQUN3,Silicone Case,Olive,iPhone 14 Pro Max,Spring 2023,,iPhone 14 Pro Max Silicone Case with MagSafe — Olive
MQUP3,Silicone Case,Sky,iPhone 14 Pro Max,Spring 2023,,iPhone 14 Pro Max Silicone Case with MagSafe — Sky
MQUQ3,Silicone Case,Iris,iPhone 14 Pro Max,Spring 2023,,iPhone 14 Pro Max Silicone Case with MagSafe — Iris
MQUG3,Silicone Case,Canary Yellow,iPhone 14 Pro,Spring 2023,,iPhone 14 Pro Silicone Case with MagSafe — Canary Yellow
MQUH3,Silicone Case,Olive,iPhone 14 Pro,Spring 2023,,iPhone 14 Pro Silicone Case with MagSafe — Olive
MQUJ3,Silicone Case,Sky,iPhone 14 Pro,Spring 2023,,iPhone 14 Pro Silicone Case with MagSafe — Sky
MQUK3,Silicone Case,Iris,iPhone 14 Pro,Spring 2023,,iPhone 14 Pro Silicone Case with MagSafe — Iris
MQUC3,Silicone Case,Canary Yellow,iPhone 14 Plus,Spring 2023,,iPhone 14 Plus Silicone Case with MagSafe — Canary Yellow
MQUD3,Silicone Case,Olive,iPhone 14 Plus,Spring 2023,,iPhone 14 Plus Silicone Case with MagSafe — Olive
MQUE3,Silicone Case,Sky,iPhone 14 Plus,Spring 2023,,iPhone 14 Plus Silicone Case with MagSafe — Sky
MQUF3,Silicone Case,Iris,iPhone 14 Plus,Spring 2023,,iPhone 14 Plus Silicone Case with MagSafe — Iris
MQU73,Silicone Case,Canary Yellow,iPhone 14,Spring 2023,,iPhone 14 Silicone Case with MagSafe — Canary Yellow
MQU83,Silicone Case,Olive,iPhone 14,Spring 2023,,iPhone 14 Silicone Case with MagSafe — Olive
MQU93,Silicone Case,Sky,iPhone 14,Spring 2023,,iPhone 14 Silicone Case with MagSafe — Sky
MQUA3,Silicone Case,Iris,iPhone 14,Spring 2023,,iPhone 14 Silicone Case with MagSafe — Iris
MPTP3,Silicone Case,Midnight,iPhone 14 Pro Max,Autumn 2022,,iPhone 14 Pro Max Silicone Case with MagSafe — Midnight
MPTQ3,Silicone Case,Storm Blue,iPhone 14 Pro Max,Autumn 2022,,iPhone 14 Pro Max Silicone Case with MagSafe — Storm Blue
MPTR3,Silicone Case,(PRODUCT)RED,iPhone 14 Pro Max,Autumn 2022,,iPhone 14 Pro Max Silicone Case with MagSafe — (PRODUCT)RED
MPTT3,Silicone Case,Chalk Pink,iPhone 14 Pro Max,Autumn 2022,,iPhone 14 Pro Max Silicone Case with MagSafe — Chalk Pink
MPTW3,Silicone Case,Lilac,iPhone 14 Pro Max,Autumn 2022,,iPhone 14 Pro Max Silicone Case with MagSafe — Lilac
MPTX3,Silicone Case,Elderberry,iPhone 14 Pro Max,Autumn 2022,,iPhone 14 Pro Max Silicone Case with MagSafe — Elderberry
MPTY3,Silicone Case,Succulent,iPhone 14 Pro Max,Autumn 2022,,iPhone 14 Pro Max Silicone Case with MagSafe — Succulent
MPU03,Silicone Case,Sunglow,iPhone 14 Pro Max,Autumn 2022,,iPhone 14 Pro Max Silicone Case with MagSafe — Sunglow
MPPM3,Leather Case,Midnight,iPhone 14 Pro Max,Autumn 2022,,iPhone 14 Pro Max Leather Case with MagSafe — Midnight
MPPN3,Leather Case,Forest Green,iPhone 14 Pro Max,Autumn 2022,,iPhone 14 Pro Max Leather Case with MagSafe — Forest Green
MPPP3,Leather Case,Ink,iPhone 14 Pro Max,Autumn 2022,,iPhone 14 Pro Max Leather Case with MagSafe — Ink
MPPQ3,Leather Case,Umber,iPhone 14 Pro Max,Autumn 2022,,iPhone 14 Pro Max Leather Case with MagSafe — Umber
MPPR3,Leather Case,Orange,iPhone 14 Pro Max,Autumn 2022,,iPhone 14 Pro Max Leather Case with MagSafe — Orange
MPU73,Clear Case,Clear Case,iPhone 14 Pro Max,Autumn 2022,MPU73_AV1,iPhone 14 Pro Max Clear Case with MagSafe
MPTE3,Silicone Case,Midnight,iPhone 14 Pro,Autumn 2022,,iPhone 14 Pro Silicone Case with MagSafe — Midnight
MPTF3,Silicone Case,Storm Blue,iPhone 14 Pro,Autumn 2022,,iPhone 14 Pro Silicone Case with MagSafe — Storm Blue
MPTG3,Silicone Case,(PRODUCT)RED,iPhone 14 Pro,Autumn 2022,,iPhone 14 Pro Silicone Case with MagSafe — (PRODUCT)RED
MPTH3,Silicone Case,Chalk Pink,iPhone 14 Pro,Autumn 2022,,iPhone 14 Pro Silicone Case with MagSafe — Chalk Pink
MPTJ3,Silicone Case,Lilac,iPhone 14 Pro,Autumn 2022,,iPhone 14 Pro Silicone Case with MagSafe — Lilac
MPTK3,Silicone Case,Elderberry,iPhone 14 Pro,Autumn 2022,,iPhone 14 Pro Silicone Case with MagSafe — Elderberry
MPTL3,Silicone Case,Succulent,iPhone 14 Pro,Autumn 2022,,iPhone 14 Pro Silicone Case with MagSafe — Succulent
MPTM3,Silicone Case,Sunglow,iPhone 14 Pro,Autumn 2022,,iPhone 14 Pro Silicone Case with MagSafe — Sunglow
MPPG3,Leather Case,Midnight,iPhone 14 Pro,Autumn 2022,,iPhone 14 Pro Leather Case with MagSafe — Midnight
MPPH3,Leather Case,Forest Green,iPhone 14 Pro,Autumn 2022,,iPhone 14 Pro Leather Case with MagSafe — Forest Green
MPPJ3,Leather Case,Ink,iPhone 14 Pro,Autumn 2022,,iPhone 14 Pro Leather Case with MagSafe — Ink
MPPK3,Leather Case,Umber,iPhone 14 Pro,Autumn 2022,,iPhone 14 Pro Leather Case with MagSafe — Umber
MPPL3,Leather Case,Orange,iPhone 14 Pro,Autumn 2022,,iPhone 14 Pro Leather Case with MagSafe — Orange
MPU63,Clear Case,Clear Case,iPhone 14 Pro,Autumn 2022,,iPhone 14 Pro Clear Case with MagSafe
MPT33,Silicone Case,Midnight,iPhone 14 Plus,Autumn 2022,,iPhone 14 Plus Silicone Case with MagSafe — Midnight
MPT53,Silicone Case,Storm Blue,iPhone 14 Plus,Autumn 2022,,iPhone 14 Plus Silicone Case with MagSafe — Storm Blue
MPT63,Silicone Case,(PRODUCT)RED,iPhone 14 Plus,Autumn 2022,,iPhone 14 Plus Silicone Case with MagSafe — (PRODUCT)RED
MPT73,Silicone Case,Chalk Pink,iPhone 14 Plus,Autumn 2022,,iPhone 14 Plus Silicone Case with MagSafe — Chalk Pink
MPT83,Silicone Case,Lilac,iPhone 14 Plus,Autumn 2022,,iPhone 14 Plus Silicone Case with MagSafe — Lilac
MPT93,Silicone Case,Elderberry,iPhone 14 Plus,Autumn 2022,,iPhone 14 Plus Silicone Case with MagSafe — Elderberry
MPTC3,Silicone Case,Succulent,iPhone 14 Plus,Autumn 2022,,iPhone 14 Plus Silicone Case with MagSafe — Succulent
MPTD3,Silicone Case,Sunglow,iPhone 14 Plus,Autumn 2022,,iPhone 14 Plus Silicone Case with MagSafe — Sunglow
MPP93,Leather Case,Midnight,iPhone 14 Plus,Autumn 2022,,iPhone 14 Plus Leather Case with MagSafe — Midnight
MPPA3,Leather Case,Forest Green,iPhone 14 Plus,Autumn 2022,,iPhone 14 Plus Leather Case with MagSafe — Forest Green
MPPC3,Leather Case,Ink,iPhone 14 Plus,Autumn 2022,,iPhone 14 Plus Leather Case with MagSafe — Ink
MPPD3,Leather Case,Umber,iPhone 14 Plus,Autumn 2022,,iPhone 14 Plus Leather Case with MagSafe — Umber
MPPF3,Leather Case,Orange,iPhone 14 Plus,Autumn 2022,,iPhone 14 Plus Leather Case with MagSafe — Orange
MPU43,Clear Case,Clear Case,iPhone 14 Plus,Autumn 2022,MPU43_AV1,iPhone 14 Plus Clear Case with MagSafe
MPRU3,Silicone Case,Midnight,iPhone 14,Autumn 2022,,iPhone 14 Silicone Case with MagSafe — Midnight
MPRV3,Silicone Case,Storm Blue,iPhone 14,Autumn 2022,,iPhone 14 Silicone Case with MagSafe — Storm Blue
MPRW3,Silicone Case,(PRODUCT)RED,iPhone 14,Autumn 2022,,iPhone 14 Silicone Case with MagSafe — (PRODUCT)RED
MPRX3,Silicone Case,Chalk Pink,iPhone 14,Autumn 2022,,iPhone 14 Silicone Case with MagSafe — Chalk Pink
MPRY3,Silicone Case,Lilac,iPhone 14,Autumn 2022,,iPhone 14 Silicone Case with MagSafe — Lilac
MPT03,Silicone Case,Elderberry,iPhone 14,Autumn 2022,,iPhone 14 Silicone Case with MagSafe — Elderberry
MPT13,Silicone Case,Succulent,iPhone 14,Autumn 2022,,iPhone 14 Silicone Case with MagSafe — Succulent
MPT23,Silicone Case,Sunglow,iPhone 14,Autumn 2022,,iPhone 14 Silicone Case with MagSafe — Sunglow
MPP43,Leather Case,Midnight,iPhone 14,Autumn 2022,,iPhone 14 Leather Case with MagSafe — Midnight
MPP53,Leather Case,Forest Green,iPhone 14,Autumn 2022,,iPhone 14 Leather Case with MagSafe — Forest Green
MPP63,Leather Case,Ink,iPhone 14,Autumn 2022,,iPhone 14 Leather Case with MagSafe — Ink
MPP73,Leather Case,Umber,iPhone 14,Autumn 2022,,iPhone 14 Leather Case with MagSafe — Umber
MPP83,Leather Case,Orange,iPhone 14,Autumn 2022,,iPhone 14 Leather Case with MagSafe — Orange
MPU13,Clear Case,Clear Case,iPhone 14,Autumn 2022,MPU13_AV4,iPhone 14 Clear Case with MagSafe
MQDQ3,Smart Folio,White,iPad 10,Autumn 2022,,Smart Folio for iPad (10th Generation) — White
MQDR3,Smart Folio,Lemonade,iPad 10,Autumn 2022,,Smart Folio for iPad (10th Generation) — Lemonade
MQDT3,Smart Folio,Watermelon,iPad 10,Autumn 2022,,Smart Folio for iPad (10th Generation) — Watermelon
MQDU3,Smart Folio,Sky,iPad 10,Autumn 2022,,Smart Folio for iPad (10th Generation) — Sky
MQDP3,Magic Keyboard Folio,White,iPad 10,Autumn 2022,,Magic Keyboard Folio for iPad (10th Generation) — White
MN6E3,Silicone Case,Midnight,iPhone SE,Spring 2022,,iPhone SE Silicone Case with MagSafe — Midnight
MN6F3,Silicone Case,Abyss Blue,iPhone SE,Spring 2022,,iPhone SE Silicone Case with MagSafe — Abyss Blue
MN6G3,Silicone Case,Chalk Pink,iPhone SE,Spring 2022,,iPhone SE Silicone Case with MagSafe — Chalk Pink
MN6H3,Silicone Case,(PRODUCT)RED,iPhone SE,Spring 2022,,iPhone SE Silicone Case with MagSafe — (PRODUCT)RED
MN5W3,Silicone Case,Blue Fog,iPhone 13 mini,Spring 2022,,iPhone 13 mini Silicone Case with MagSafe — Blue Fog
MN5X3,Silicone Case,Lemon Zest,iPhone 13 mini,Spring 2022,,iPhone 13 mini Silicone Case with MagSafe — Lemon Zest
MN5Y3,Silicone Case,Eucalyptus,iPhone 13 mini,Spring 2022,,iPhone 13 mini Silicone Case with MagSafe — Eucalyptus
MN603,Silicone Case,Nectarine,iPhone 13 mini,Spring 2022,,iPhone 13 mini Silicone Case with MagSafe — Nectarine
MN693,Silicone Case,Blue Fog,iPhone 13 Pro Max,Spring 2022,,iPhone 13 Pro Max Silicone Case with MagSafe — Blue Fog
MN6A3,Silicone Case,Lemon Zest,iPhone 13 Pro Max,Spring 2022,,iPhone 13 Pro Max Silicone Case with MagSafe — Lemon Zest
MN6C3,Silicone Case,Eucalyptus,iPhone 13 Pro Max,Spring 2022,,iPhone 13 Pro Max Silicone Case with MagSafe — Eucalyptus
MN6D3,Silicone Case,Nectarine,iPhone 13 Pro Max,Spring 2022,,iPhone 13 Pro Max Silicone Case with MagSafe — Nectarine
MN653,Silicone Case,Blue Fog,iPhone 13 Pro,Spring 2022,,iPhone 13 Pro Silicone Case with MagSafe — Blue Fog
MN663,Silicone Case,Lemon Zest,iPhone 13 Pro,Spring 2022,,iPhone 13 Pro Silicone Case with MagSafe — Lemon Zest
MN673,Silicone Case,Eucalyptus,iPhone 13 Pro,Spring 2022,,iPhone 13 Pro Silicone Case with MagSafe — Eucalyptus
MN683,Silicone Case,Nectarine,iPhone 13 Pro,Spring 2022,,iPhone 13 Pro Silicone Case with MagSafe — Nectarine
MN613,Silicone Case,Blue Fog,iPhone 13,Spring 2022,,iPhone 13 Silicone Case with MagSafe — Blue Fog
MN623,Silicone Case,Lemon Zest,iPhone 13,Spring 2022,,iPhone 13 Silicone Case with MagSafe — Lemon Zest
MN633,Silicone Case,Eucalyptus,iPhone 13,Spring 2022,,iPhone 13 Silicone Case with MagSafe — Eucalyptus
MN643,Silicone Case,Nectarine,iPhone 13,Spring 2022,,iPhone 13 Silicone Case with MagSafe — Nectarine
MNA43,Smart Folio,Dark Cherry,iPad Air 11-inch,Spring 2022,,Smart Folio for iPad Air 11″ — Dark Cherry
MNA63,Smart Folio,English Lavender,iPad Air 11-inch,Spring 2022,,Smart Folio for iPad Air 11″ — English Lavender
MNA73,Smart Folio,Marine Blue,iPad Air 11-inch,Spring 2022,,Smart Folio for iPad Air 11″ — Marine Blue
MM1U3,Silicone Case,Marigold,iPhone 13 mini,Autumn 2021,,iPhone 13 mini Silicone Case with MagSafe — Marigold
MM1V3,Silicone Case,Pink Pomelo,iPhone 13 mini,Autumn 2021,,iPhone 13 mini Silicone Case with MagSafe — Pink Pomelo
MM1X3,Silicone Case,Clover,iPhone 13 mini,Autumn 2021,,iPhone 13 mini Silicone Case with MagSafe — Clover
MM1Y3,Silicone Case,Blue Jay,iPhone 13 mini,Autumn 2021,,iPhone 13 mini Silicone Case with MagSafe — Blue Jay
MM203,Silicone Case,Chalk Pink,iPhone 13 mini,Autumn 2021,,iPhone 13 mini Silicone Case with MagSafe — Chalk Pink
MM213,Silicone Case,Abyss Blue,iPhone 13 mini,Autumn 2021,,iPhone 13 mini Silicone Case with MagSafe — Abyss Blue
MM223,Silicone Case,Midnight,iPhone 13 mini,Autumn 2021,,iPhone 13 mini Silicone Case with MagSafe — Midnight
MM233,Silicone Case,(PRODUCT)RED,iPhone 13 mini,Autumn 2021,,iPhone 13 mini Silicone Case with MagSafe — (PRODUCT)RED
MM0D3,Leather Case,Golden Brown,iPhone 13 mini,Autumn 2021,,iPhone 13 mini Leather Case with MagSafe — Golden Brown
MM0G3,Leather Case,Dark Cherry,iPhone 13 mini,Autumn 2021,,iPhone 13 mini Leather Case with MagSafe — Dark Cherry
MM0H3,Leather Case,Wisteria,iPhone 13 mini,Autumn 2021,,iPhone 13 mini Leather Case with MagSafe — Wisteria
MM0J3,Leather Case,Sequoia Green,iPhone 13 mini,Autumn 2021,,iPhone 13 mini Leather Case with MagSafe — Sequoia Green
MM0M3,Leather Case,Midnight,iPhone 13 mini,Autumn 2021,,iPhone 13 mini Leather Case with MagSafe — Midnight
MM2W3,Clear Case,Clear Case,iPhone 13 mini,Autumn 2021,MM2W3_AV4,iPhone 13 mini Clear Case with MagSafe
MM2M3,Silicone Case,Marigold,iPhone 13 Pro Max,Autumn 2021,,iPhone 13 Pro Max Silicone Case with MagSafe — Marigold
MM2N3,Silicone Case,Pink Pomelo,iPhone 13 Pro Max,Autumn 2021,,iPhone 13 Pro Max Silicone Case with MagSafe — Pink Pomelo
MM2P3,Silicone Case,Clover,iPhone 13 Pro Max,Autumn 2021,,iPhone 13 Pro Max Silicone Case with MagSafe — Clover
MM2Q3,Silicone Case,Blue Jay,iPhone 13 Pro Max,Autumn 2021,,iPhone 13 Pro Max Silicone Case with MagSafe — Blue Jay
MM2R3,Silicone Case,Chalk Pink,iPhone 13 Pro Max,Autumn 2021,,iPhone 13 Pro Max Silicone Case with MagSafe — Chalk Pink
MM2T3,Silicone Case,Abyss Blue,iPhone 13 Pro Max,Autumn 2021,,iPhone 13 Pro Max Silicone Case with MagSafe — Abyss Blue
MM2U3,Silicone Case,Midnight,iPhone 13 Pro Max,Autumn 2021,,iPhone 13 Pro Max Silicone Case with MagSafe — Midnight
MM2V3,Silicone Case,(PRODUCT)RED,iPhone 13 Pro Max,Autumn 2021,,iPhone 13 Pro Max Silicone Case with MagSafe — (PRODUCT)RED
MM1L3,Leather Case,Golden Brown,iPhone 13 Pro Max,Autumn 2021,,iPhone 13 Pro Max Leather Case with MagSafe — Golden Brown
MM1M3,Leather Case,Dark Cherry,iPhone 13 Pro Max,Autumn 2021,,iPhone 13 Pro Max Leather Case with MagSafe — Dark Cherry
MM1P3,Leather Case,Wisteria,iPhone 13 Pro Max,Autumn 2021,,iPhone 13 Pro Max Leather Case with MagSafe — Wisteria
MM1Q3,Leather Case,Sequoia Green,iPhone 13 Pro Max,Autumn 2021,,iPhone 13 Pro Max Leather Case with MagSafe — Sequoia Green
MM1R3,Leather Case,Midnight,iPhone 13 Pro Max,Autumn 2021,,iPhone 13 Pro Max Leather Case with MagSafe — Midnight
MM313,Clear Case,Clear Case,iPhone 13 Pro Max,Autumn 2021,MM313_AV2,iPhone 13 Pro Max Clear Case with MagSafe
MM2D3,Silicone Case,Marigold,iPhone 13 Pro,Autumn 2021,,iPhone 13 Pro Silicone Case with MagSafe — Marigold
MM2E3,Silicone Case,Pink Pomelo,iPhone 13 Pro,Autumn 2021,,iPhone 13 Pro Silicone Case with MagSafe — Pink Pomelo
MM2F3,Silicone Case,Clover,iPhone 13 Pro,Autumn 2021,,iPhone 13 Pro Silicone Case with MagSafe — Clover
MM2G3,Silicone Case,Blue Jay,iPhone 13 Pro,Autumn 2021,,iPhone 13 Pro Silicone Case with MagSafe — Blue Jay
MM2H3,Silicone Case,Chalk Pink,iPhone 13 Pro,Autumn 2021,,iPhone 13 Pro Silicone Case with MagSafe — Chalk Pink
MM2J3,Silicone Case,Abyss Blue,iPhone 13 Pro,Autumn 2021,,iPhone 13 Pro Silicone Case with MagSafe — Abyss Blue
MM2K3,Silicone Case,Midnight,iPhone 13 Pro,Autumn 2021,,iPhone 13 Pro Silicone Case with MagSafe — Midnight
MM2L3,Silicone Case,(PRODUCT)RED,iPhone 13 Pro,Autumn 2021,,iPhone 13 Pro Silicone Case with MagSafe — (PRODUCT)RED
MM193,Leather Case,Golden Brown,iPhone 13 Pro,Autumn 2021,,iPhone 13 Pro Leather Case with MagSafe — Golden Brown
MM1A3,Leather Case,Dark Cherry,iPhone 13 Pro,Autumn 2021,,iPhone 13 Pro Leather Case with MagSafe — Dark Cherry
MM1F3,Leather Case,Wisteria,iPhone 13 Pro,Autumn 2021,,iPhone 13 Pro Leather Case with MagSafe — Wisteria
MM1G3,Leather Case,Sequoia Green,iPhone 13 Pro,Autumn 2021,,iPhone 13 Pro Leather Case with MagSafe — Sequoia Green
MM1H3,Leather Case,Midnight,iPhone 13 Pro,Autumn 2021,,iPhone 13 Pro Leather Case with MagSafe — Midnight
MM2Y3,Clear Case,Clear Case,iPhone 13 Pro,Autumn 2021,MM2Y3_AV3,iPhone 13 Pro Clear Case with MagSafe
MM243,Silicone Case,Marigold,iPhone 13,Autumn 2021,,iPhone 13 Silicone Case with MagSafe — Marigold
MM253,Silicone Case,Pink Pomelo,iPhone 13,Autumn 2021,,iPhone 13 Silicone Case with MagSafe — Pink Pomelo
MM263,Silicone Case,Clover,iPhone 13,Autumn 2021,,iPhone 13 Silicone Case with MagSafe — Clover
MM273,Silicone Case,Blue Jay,iPhone 13,Autumn 2021,,iPhone 13 Silicone Case with MagSafe — Blue Jay
MM283,Silicone Case,Chalk Pink,iPhone 13,Autumn 2021,,iPhone 13 Silicone Case with MagSafe — Chalk Pink
MM293,Silicone Case,Abyss Blue,iPhone 13,Autumn 2021,,iPhone 13 Silicone Case with MagSafe — Abyss Blue
MM2A3,Silicone Case,Midnight,iPhone 13,Autumn 2021,,iPhone 13 Silicone Case with MagSafe — Midnight
MM2C3,Silicone Case,(PRODUCT)RED,iPhone 13,Autumn 2021,,iPhone 13 Silicone Case with MagSafe — (PRODUCT)RED
MM103,Leather Case,Golden Brown,iPhone 13,Autumn 2021,,iPhone 13 Leather Case with MagSafe — Golden Brown
MM143,Leather Case,Dark Cherry,iPhone 13,Autumn 2021,,iPhone 13 Leather Case with MagSafe — Dark Cherry
MM163,Leather Case,Wisteria,iPhone 13,Autumn 2021,,iPhone 13 Leather Case with MagSafe — Wisteria
MM173,Leather Case,Sequoia Green,iPhone 13,Autumn 2021,,iPhone 13 Leather Case with MagSafe — Sequoia Green
MM183,Leather Case,Midnight,iPhone 13,Autumn 2021,,iPhone 13 Leather Case with MagSafe — Midnight
MM2X3,Clear Case,Clear Case,iPhone 13,Autumn 2021,MM2X3_AV2,iPhone 13 Clear Case with MagSafe
MM6G3,Smart Folio,Black,iPad mini 6,Autumn 2021,,Smart Folio for iPad mini 6 — Black
MM6H3,Smart Folio,White,iPad mini 6,Autumn 2021,,Smart Folio for iPad mini 6 — White
MM6J3,Smart Folio,Electric Orange,iPad mini 6,Autumn 2021,,Smart Folio for iPad mini 6 — Electric Orange
MM6K3,Smart Folio,Dark Cherry,iPad mini 6,Autumn 2021,,Smart Folio for iPad mini 6 — Dark Cherry
MM6L3,Smart Folio,English Lavender,iPad mini 6,Autumn 2021,,Smart Folio for iPad mini 6 — English Lavender
MM6P3,Smart Folio,English Lavender,iPad Pro 12.9 M1,Autumn 2021,,Smart Folio for iPad Pro 12.9″ — English Lavender
MQDW3,Smart Folio,Marine Blue,iPad Pro 12.9 M1,Autumn 2021,,Smart Folio for iPad Pro 12.9″ — Marine Blue
MM6N3,Smart Folio,English Lavender,iPad Pro 11 M1,Autumn 2021,,Smart Folio for iPad Pro 11″ — English Lavender
MQDV3,Smart Folio,Marine Blue,iPad Pro 11 M1,Autumn 2021,,Smart Folio for iPad Pro 11″ — Marine Blue
MKTM3,Silicone Case,Sunflower,iPhone 12 mini,Summer 2021,MKTM3_AV01,iPhone 12 mini Silicone Case with MagSafe — Sunflower
MKTN3,Silicone Case,Electric Orange,iPhone 12 mini,Summer 2021,MKTN3_AV01,iPhone 12 mini Silicone Case with MagSafe — Electric Orange
MKTP3,Silicone Case,Cloud Blue,iPhone 12 mini,Summer 2021,MKTP3_AV01,iPhone 12 mini Silicone Case with MagSafe — Cloud Blue
MKTW3,Silicone Case,Sunflower,iPhone 12 Pro Max,Summer 2021,,iPhone 12 Pro Max Silicone Case with MagSafe — Sunflower
MKTX3,Silicone Case,Electric Orange,iPhone 12 Pro Max,Summer 2021,,iPhone 12 Pro Max Silicone Case with MagSafe — Electric Orange
MKTY3,Silicone Case,Cloud Blue,iPhone 12 Pro Max,Summer 2021,,iPhone 12 Pro Max Silicone Case with MagSafe — Cloud Blue
MKTQ3,Silicone Case,Sunflower,iPhone 12 & 12 Pro,Summer 2021,,iPhone 12 & 12 Pro Silicone Case with MagSafe — Sunflower
MKTR3,Silicone Case,Electric Orange,iPhone 12 & 12 Pro,Summer 2021,,iPhone 12 & 12 Pro Silicone Case with MagSafe — Electric Orange
MKTT3,Silicone Case,Cloud Blue,iPhone 12 & 12 Pro,Summer 2021,,iPhone 12 & 12 Pro Silicone Case with MagSafe — Cloud Blue
MJYU3,Silicone Case,Capri Blue,iPhone 12 mini,Spring 2021,MJYU3_AV01,iPhone 12 mini Silicone Case with MagSafe — Capri Blue
MJYV3,Silicone Case,Pistachio,iPhone 12 mini,Spring 2021,MJYV3_AV01,iPhone 12 mini Silicone Case with MagSafe — Pistachio
MJYW3,Silicone Case,Cantaloupe,iPhone 12 mini,Spring 2021,MJYW3_AV01,iPhone 12 mini Silicone Case with MagSafe — Cantaloupe
MJYX3,Silicone Case,Amethyst,iPhone 12 mini,Spring 2021,MJYX3_AV01,iPhone 12 mini Silicone Case with MagSafe — Amethyst
MK093,Leather Sleeve,Deep Violet,iPhone 12 mini,Spring 2021,MK093_cut,iPhone 12 mini Leather Sleeve with MagSafe — Deep Violet
MJYQ3,Leather Case,Deep Violet,iPhone 12 mini,Spring 2021,,iPhone 12 mini Leather Case with MagSafe — Deep Violet
MK043,Silicone Case,Capri Blue,iPhone 12 Pro Max,Spring 2021,,iPhone 12 Pro Max Silicone Case with MagSafe — Capri Blue
MK053,Silicone Case,Pistachio,iPhone 12 Pro Max,Spring 2021,,iPhone 12 Pro Max Silicone Case with MagSafe — Pistachio
MK073,Silicone Case,Cantaloupe,iPhone 12 Pro Max,Spring 2021,,iPhone 12 Pro Max Silicone Case with MagSafe — Cantaloupe
MK083,Silicone Case,Amethyst,iPhone 12 Pro Max,Spring 2021,,iPhone 12 Pro Max Silicone Case with MagSafe — Amethyst
MK0D3,Leather Sleeve,Deep Violet,iPhone 12 Pro Max,Spring 2021,MK0D3_cut,iPhone 12 Pro Max Leather Sleeve with MagSafe — Deep Violet
MJYT3,Leather Case,Deep Violet,iPhone 12 Pro Max,Spring 2021,,iPhone 12 Pro Max Leather Case with MagSafe — Deep Violet
MJYY3,Silicone Case,Capri Blue,iPhone 12 & 12 Pro,Spring 2021,,iPhone 12 & 12 Pro Silicone Case with MagSafe — Capri Blue
MK003,Silicone Case,Pistachio,iPhone 12 & 12 Pro,Spring 2021,,iPhone 12 & 12 Pro Silicone Case with MagSafe — Pistachio
MK023,Silicone Case,Cantaloupe,iPhone 12 & 12 Pro,Spring 2021,,iPhone 12 & 12 Pro Silicone Case with MagSafe — Cantaloupe
MK033,Silicone Case,Amethyst,iPhone 12 & 12 Pro,Spring 2021,,iPhone 12 & 12 Pro Silicone Case with MagSafe — Amethyst
MK0A3,Leather Sleeve,Deep Violet,iPhone 12 & 12 Pro,Spring 2021,MK0A3_cut,iPhone 12 & 12 Pro Leather Sleeve with MagSafe — Deep Violet
MJYR3,Leather Case,Deep Violet,iPhone 12 & 12 Pro,Spring 2021,,iPhone 12 & 12 Pro Leather Case with MagSafe — Deep Violet
MJMG3,Smart Folio,Black,iPad Pro 12.9 M1,Spring 2021,,Smart Folio for iPad Pro 12.9″ — Black
MJMH3,Smart Folio,White,iPad Pro 12.9 M1,Spring 2021,,Smart Folio for iPad Pro 12.9″ — White
MJMJ3,Smart Folio,Deep Navy,iPad Pro 12.9 M1,Spring 2021,,Smart Folio for iPad Pro 12.9″ — Deep Navy
MJMK3,Smart Folio,Mallard Green,iPad Pro 12.9 M1,Spring 2021,,Smart Folio for iPad Pro 12.9″ — Mallard Green
MJML3,Smart Folio,Electric Orange,iPad Pro 12.9 M1,Spring 2021,,Smart Folio for iPad Pro 12.9″ — Electric Orange
MJQK3,Magic Keyboard,Black - M1/M2,iPad Pro 12.9 M1,Spring 2021,,Magic Keyboard for iPad Pro 12.9″ — Black - M1/M2
MJQL3,Magic Keyboard,White,iPad Pro 12.9 M1,Spring 2021,,Magic Keyboard for iPad Pro 12.9″ — White
MJM93,Smart Folio,Black,iPad Pro 11 M1,Spring 2021,,Smart Folio for iPad Pro 11″ — Black
MJMA3,Smart Folio,White,iPad Pro 11 M1,Spring 2021,,Smart Folio for iPad Pro 11″ — White
MJMC3,Smart Folio,Deep Navy,iPad Pro 11 M1,Spring 2021,,Smart Folio for iPad Pro 11″ — Deep Navy
MJMD3,Smart Folio,Mallard Green,iPad Pro 11 M1,Spring 2021,,Smart Folio for iPad Pro 11″ — Mallard Green
MJMF3,Smart Folio,Electric Orange,iPad Pro 11 M1,Spring 2021,,Smart Folio for iPad Pro 11″ — Electric Orange
MJQJ3,Magic Keyboard,White,iPad Pro 11 M1,Spring 2021,,Magic Keyboard for iPad Pro 11″ — White
MJM23,Smart Folio,Electric Orange,iPad Air 11-inch,Spring 2021,,Smart Folio for iPad Air 11″ — Electric Orange
MJM53,Smart Folio,Mallard Green,iPad Air 11-inch,Spring 2021,,Smart Folio for iPad Air 11″ — Mallard Green
MHKN3,Silicone Case,Kumquat,iPhone 12 mini,Autumn 2020,MHKN3_AV01,iPhone 12 mini Silicone Case with MagSafe — Kumquat
MHKP3,Silicone Case,Pink Citrus,iPhone 12 mini,Autumn 2020,MHKP3_AV01,iPhone 12 mini Silicone Case with MagSafe — Pink Citrus
MHKQ3,Silicone Case,Plum,iPhone 12 mini,Autumn 2020,MHKQ3_AV01,iPhone 12 mini Silicone Case with MagSafe — Plum
MHKR3,Silicone Case,Cypress Green,iPhone 12 mini,Autumn 2020,MHKR3_AV01,iPhone 12 mini Silicone Case with MagSafe — Cypress Green
MHKU3,Silicone Case,Deep Navy,iPhone 12 mini,Autumn 2020,MHKU3_AV01,iPhone 12 mini Silicone Case with MagSafe — Deep Navy
MHKV3,Silicone Case,White,iPhone 12 mini,Autumn 2020,MHKV3_AV1,iPhone 12 mini Silicone Case with MagSafe — White
MHKW3,Silicone Case,(PRODUCT)RED,iPhone 12 mini,Autumn 2020,MHKW3_AV1,iPhone 12 mini Silicone Case with MagSafe — (PRODUCT)RED
MHKX3,Silicone Case,Black,iPhone 12 mini,Autumn 2020,MHKX3_AV1,iPhone 12 mini Silicone Case with MagSafe — Black
MHMN3,Leather Sleeve,Pink Citrus,iPhone 12 mini,Autumn 2020,MHMN3_cut,iPhone 12 mini Leather Sleeve with MagSafe — Pink Citrus
MHMP3,Leather Sleeve,Saddle Brown,iPhone 12 mini,Autumn 2020,MHMP3_cut,iPhone 12 mini Leather Sleeve with MagSafe — Saddle Brown
MHMQ3,Leather Sleeve,Baltic Blue,iPhone 12 mini,Autumn 2020,MHMQ3_cut,iPhone 12 mini Leather Sleeve with MagSafe — Baltic Blue
MHMR3,Leather Sleeve,(PRODUCT)RED,iPhone 12 mini,Autumn 2020,MHMR3_cut,iPhone 12 mini Leather Sleeve with MagSafe — (PRODUCT)RED
MHK63,Leather Case,California Poppy,iPhone 12 mini,Autumn 2020,MHK63_AV1,iPhone 12 mini Leather Case with MagSafe — California Poppy
MHK73,Leather Case,(PRODUCT)RED,iPhone 12 mini,Autumn 2020,MHK73_AV1,iPhone 12 mini Leather Case with MagSafe — (PRODUCT)RED
MHK83,Leather Case,Baltic Blue,iPhone 12 mini,Autumn 2020,MHK83_AV1,iPhone 12 mini Leather Case with MagSafe — Baltic Blue
MHK93,Leather Case,Saddle Brown,iPhone 12 mini,Autumn 2020,MHK93_AV1,iPhone 12 mini Leather Case with MagSafe — Saddle Brown
MHKA3,Leather Case,Black,iPhone 12 mini,Autumn 2020,MHKA3_AV1,iPhone 12 mini Leather Case with MagSafe — Black
MHLL3,Clear Case,Clear Case,iPhone 12 mini,Autumn 2020,MHLL3_AV2,iPhone 12 mini Clear Case with MagSafe
MHL83,Silicone Case,Kumquat,iPhone 12 Pro Max,Autumn 2020,,iPhone 12 Pro Max Silicone Case with MagSafe — Kumquat
MHL93,Silicone Case,Pink Citrus,iPhone 12 Pro Max,Autumn 2020,,iPhone 12 Pro Max Silicone Case with MagSafe — Pink Citrus
MHLA3,Silicone Case,Plum,iPhone 12 Pro Max,Autumn 2020,,iPhone 12 Pro Max Silicone Case with MagSafe — Plum
MHLC3,Silicone Case,Cypress Green,iPhone 12 Pro Max,Autumn 2020,,iPhone 12 Pro Max Silicone Case with MagSafe — Cypress Green
MHLD3,Silicone Case,Deep Navy,iPhone 12 Pro Max,Autumn 2020,,iPhone 12 Pro Max Silicone Case with MagSafe — Deep Navy
MHLE3,Silicone Case,White,iPhone 12 Pro Max,Autumn 2020,,iPhone 12 Pro Max Silicone Case with MagSafe — White
MHLF3,Silicone Case,(PRODUCT)RED,iPhone 12 Pro Max,Autumn 2020,,iPhone 12 Pro Max Silicone Case with MagSafe — (PRODUCT)RED
MHLG3,Silicone Case,Black,iPhone 12 Pro Max,Autumn 2020,,iPhone 12 Pro Max Silicone Case with MagSafe — Black
MHYF3,Leather Sleeve,Pink Citrus,iPhone 12 Pro Max,Autumn 2020,MHYF3_cut,iPhone 12 Pro Max Leather Sleeve with MagSafe — Pink Citrus
MHYG3,Leather Sleeve,Saddle Brown,iPhone 12 Pro Max,Autumn 2020,MHYG3_cut,iPhone 12 Pro Max Leather Sleeve with MagSafe — Saddle Brown
MHYH3,Leather Sleeve,Baltic Blue,iPhone 12 Pro Max,Autumn 2020,MHYH3_cut,iPhone 12 Pro Max Leather Sleeve with MagSafe — Baltic Blue
MHYJ3,Leather Sleeve,(PRODUCT)RED,iPhone 12 Pro Max,Autumn 2020,MHYJ3_cut,iPhone 12 Pro Max Leather Sleeve with MagSafe — (PRODUCT)RED
MHKH3,Leather Case,California Poppy,iPhone 12 Pro Max,Autumn 2020,,iPhone 12 Pro Max Leather Case with MagSafe — California Poppy
MHKJ3,Leather Case,(PRODUCT)RED,iPhone 12 Pro Max,Autumn 2020,,iPhone 12 Pro Max Leather Case with MagSafe — (PRODUCT)RED
MHKK3,Leather Case,Baltic Blue,iPhone 12 Pro Max,Autumn 2020,,iPhone 12 Pro Max Leather Case with MagSafe — Baltic Blue
MHKL3,Leather Case,Saddle Brown,iPhone 12 Pro Max,Autumn 2020,,iPhone 12 Pro Max Leather Case with MagSafe — Saddle Brown
MHKM3,Leather Case,Black,iPhone 12 Pro Max,Autumn 2020,,iPhone 12 Pro Max Leather Case with MagSafe — Black
MHLN3,Clear Case,Clear Case,iPhone 12 Pro Max,Autumn 2020,,iPhone 12 Pro Max Clear Case with MagSafe
MHKY3,Silicone Case,Kumquat,iPhone 12 & 12 Pro,Autumn 2020,,iPhone 12 & 12 Pro Silicone Case with MagSafe — Kumquat
MHL03,Silicone Case,Pink Citrus,iPhone 12 & 12 Pro,Autumn 2020,,iPhone 12 & 12 Pro Silicone Case with MagSafe — Pink Citrus
MHL23,Silicone Case,Plum,iPhone 12 & 12 Pro,Autumn 2020,,iPhone 12 & 12 Pro Silicone Case with MagSafe — Plum
MHL33,Silicone Case,Cypress Green,iPhone 12 & 12 Pro,Autumn 2020,,iPhone 12 & 12 Pro Silicone Case with MagSafe — Cypress Green
MHL43,Silicone Case,Deep Navy,iPhone 12 & 12 Pro,Autumn 2020,,iPhone 12 & 12 Pro Silicone Case with MagSafe — Deep Navy
MHL53,Silicone Case,White,iPhone 12 & 12 Pro,Autumn 2020,,iPhone 12 & 12 Pro Silicone Case with MagSafe — White
MHL63,Silicone Case,(PRODUCT)RED,iPhone 12 & 12 Pro,Autumn 2020,,iPhone 12 & 12 Pro Silicone Case with MagSafe — (PRODUCT)RED
MHL73,Silicone Case,Black,iPhone 12 & 12 Pro,Autumn 2020,,iPhone 12 & 12 Pro Silicone Case with MagSafe — Black
MHYA3,Leather Sleeve,Pink Citrus,iPhone 12 & 12 Pro,Autumn 2020,MHYA3_cut,iPhone 12 & 12 Pro Leather Sleeve with MagSafe — Pink Citrus
MHYC3,Leather Sleeve,Saddle Brown,iPhone 12 & 12 Pro,Autumn 2020,MHYC3_cut,iPhone 12 & 12 Pro Leather Sleeve with MagSafe — Saddle Brown
MHYD3,Leather Sleeve,Baltic Blue,iPhone 12 & 12 Pro,Autumn 2020,MHYD3_cut,iPhone 12 & 12 Pro Leather Sleeve with MagSafe — Baltic Blue
MHYE3,Leather Sleeve,(PRODUCT)RED,iPhone 12 & 12 Pro,Autumn 2020,MHYE3_cut,iPhone 12 & 12 Pro Leather Sleeve with MagSafe — (PRODUCT)RED
MHKC3,Leather Case,California Poppy,iPhone 12 & 12 Pro,Autumn 2020,,iPhone 12 & 12 Pro Leather Case with MagSafe — California Poppy
MHKD3,Leather Case,(PRODUCT)RED,iPhone 12 & 12 Pro,Autumn 2020,,iPhone 12 & 12 Pro Leather Case with MagSafe — (PRODUCT)RED
MHKE3,Leather Case,Baltic Blue,iPhone 12 & 12 Pro,Autumn 2020,,iPhone 12 & 12 Pro Leather Case with MagSafe — Baltic Blue
MHKF3,Leather Case,Saddle Brown,iPhone 12 & 12 Pro,Autumn 2020,,iPhone 12 & 12 Pro Leather Case with MagSafe — Saddle Brown
MHKG3,Leather Case,Black,iPhone 12 & 12 Pro,Autumn 2020,,iPhone 12 & 12 Pro Leather Case with MagSafe — Black
MHLM3,Clear Case,Clear Case,iPhone 12 & 12 Pro,Autumn 2020,MHLM3_AV03,iPhone 12 & 12 Pro Clear Case with MagSafe
MH023,Smart Folio,Deep Navy,iPad Pro 12.9 M1,Autumn 2020,,Smart Folio for iPad Pro 12.9″ — Deep Navy
MH043,Smart Folio,Cyprus Green,iPad Pro 12.9 M1,Autumn 2020,,Smart Folio for iPad Pro 12.9″ — Cyprus Green
MH063,Smart Folio,Pink Citrus,iPad Pro 12.9 M1,Autumn 2020,,Smart Folio for iPad Pro 12.9″ — Pink Citrus
MGYX3,Smart Folio,Deep Navy,iPad Pro 11 M1,Autumn 2020,,Smart Folio for iPad Pro 11″ — Deep Navy
MGYY3,Smart Folio,Cyprus Green,iPad Pro 11 M1,Autumn 2020,,Smart Folio for iPad Pro 11″ — Cyprus Green
MH003,Smart Folio,Pink Citrus,iPad Pro 11 M1,Autumn 2020,,Smart Folio for iPad Pro 11″ — Pink Citrus
MH073,Smart Folio,Deep Navy,iPad Air 11-inch,Autumn 2020,,Smart Folio for iPad Air 11″ — Deep Navy
MH083,Smart Folio,Cyprus Green,iPad Air 11-inch,Autumn 2020,,Smart Folio for iPad Air 11″ — Cyprus Green
MH093,Smart Folio,Pink Citrus,iPad Air 11-inch,Autumn 2020,,Smart Folio for iPad Air 11″ — Pink Citrus
MH0A3,Smart Folio,White,iPad Air 11-inch,Autumn 2020,,Smart Folio for iPad Air 11″ — White
MH0D3,Smart Folio,Black,iPad Air 11-inch,Autumn 2020,,Smart Folio for iPad Air 11″ — Black
MY102,Silicone Case,Seafoam,iPhone 11 Pro Max,Summer 2020,,iPhone 11 Pro Max Silicone Case — Seafoam
MY112,Silicone Case,Vitamin C,iPhone 11 Pro Max,Summer 2020,,iPhone 11 Pro Max Silicone Case — Vitamin C
MY122,Silicone Case,Linen Blue,iPhone 11 Pro Max,Summer 2020,,iPhone 11 Pro Max Silicone Case — Linen Blue
MY152,Silicone Case,Seafoam,iPhone 11 Pro,Summer 2020,,iPhone 11 Pro Silicone Case — Seafoam
MY162,Silicone Case,Vitamin C,iPhone 11 Pro,Summer 2020,,iPhone 11 Pro Silicone Case — Vitamin C
MY172,Silicone Case,Linen Blue,iPhone 11 Pro,Summer 2020,,iPhone 11 Pro Silicone Case — Linen Blue
MY182,Silicone Case,Seafoam,iPhone 11,Summer 2020,,iPhone 11 Silicone Case — Seafoam
MY192,Silicone Case,Vitamin C,iPhone 11,Summer 2020,,iPhone 11 Silicone Case — Vitamin C
MY1A2,Silicone Case,Linen Blue,iPhone 11,Summer 2020,,iPhone 11 Silicone Case — Linen Blue
MXYH2,Silicone Case,Black,iPhone SE,Spring 2020,,iPhone SE Silicone Case — Black
MXYJ2,Silicone Case,White,iPhone SE,Spring 2020,,iPhone SE Silicone Case — White
MXYK2,Silicone Case,Pink Sand,iPhone SE,Spring 2020,,iPhone SE Silicone Case — Pink Sand
MXYL2,Leather Case,(PRODUCT)RED,iPhone SE,Spring 2020,,iPhone SE Leather Case — (PRODUCT)RED
MXYM2,Leather Case,Black,iPhone SE,Spring 2020,,iPhone SE Leather Case — Black
MXYN2,Leather Case,Midnight Blue,iPhone SE,Spring 2020,,iPhone SE Leather Case — Midnight Blue
MY1G2,Silicone Case,Cactus,iPhone 11 Pro Max,Spring 2020,,iPhone 11 Pro Max Silicone Case — Cactus
MY1H2,Silicone Case,Grapefruit,iPhone 11 Pro Max,Spring 2020,,iPhone 11 Pro Max Silicone Case — Grapefruit
MY1J2,Silicone Case,Surf Blue,iPhone 11 Pro Max,Spring 2020,,iPhone 11 Pro Max Silicone Case — Surf Blue
MY1N2,Leather Folio,Raspberry,iPhone 11 Pro Max,Spring 2020,,iPhone 11 Pro Max Leather Folio — Raspberry
MY1P2,Leather Folio,Deep Sea Blue,iPhone 11 Pro Max,Spring 2020,,iPhone 11 Pro Max Leather Folio — Deep Sea Blue
MY1Q2,Leather Folio,Peacock,iPhone 11 Pro Max,Spring 2020,,iPhone 11 Pro Max Leather Folio — Peacock
MY1C2,Silicone Case,Cactus,iPhone 11 Pro,Spring 2020,,iPhone 11 Pro Silicone Case — Cactus
MY1E2,Silicone Case,Grapefruit,iPhone 11 Pro,Spring 2020,,iPhone 11 Pro Silicone Case — Grapefruit
MY1F2,Silicone Case,Surf Blue,iPhone 11 Pro,Spring 2020,,iPhone 11 Pro Silicone Case — Surf Blue
MY1K2,Leather Folio,Raspberry,iPhone 11 Pro,Spring 2020,,iPhone 11 Pro Leather Folio — Raspberry
MY1L2,Leather Folio,Deep Sea Blue,iPhone 11 Pro,Spring 2020,,iPhone 11 Pro Leather Folio — Deep Sea Blue
MY1M2,Leather Folio,Peacock,iPhone 11 Pro,Spring 2020,,iPhone 11 Pro Leather Folio — Peacock
MXYW2,Silicone Case,Cactus,iPhone 11,Spring 2020,,iPhone 11 Silicone Case — Cactus
MXYX2,Silicone Case,Grapefruit,iPhone 11,Spring 2020,,iPhone 11 Silicone Case — Grapefruit
MXYY2,Silicone Case,Surf Blue,iPhone 11,Spring 2020,,iPhone 11 Silicone Case — Surf Blue
MXNL2,Smart Keyboard Folio,Black,iPad Pro 12.9 M1,Spring 2020,,Smart Keyboard Folio for iPad Pro 12.9″ — Black
MXT82,Smart Folio,White,iPad Pro 12.9 M1,Spring 2020,,Smart Folio for iPad Pro 12.9″ — White
MXT92,Smart Folio,Black,iPad Pro 12.9 M1,Spring 2020,,Smart Folio for iPad Pro 12.9″ — Black
MXTA2,Smart Folio,Pink Sand,iPad Pro 12.9 M1,Spring 2020,,Smart Folio for iPad Pro 12.9″ — Pink Sand
MXTD2,Smart Folio,Surf Blue,iPad Pro 12.9 M1,Spring 2020,,Smart Folio for iPad Pro 12.9″ — Surf Blue
MXTE2,Smart Folio,Cactus,iPad Pro 12.9 M1,Spring 2020,,Smart Folio for iPad Pro 12.9″ — Cactus
MXQU2,Magic Keyboard,Black,iPad Pro 12.9 M1,Spring 2020,,Magic Keyboard for iPad Pro 12.9″ — Black
MXNK2,Smart Keyboard Folio,Black,iPad Pro 11 M1,Spring 2020,,Smart Keyboard Folio for iPad Pro 11″ — Black
MXT32,Smart Folio,White,iPad Pro 11 M1,Spring 2020,,Smart Folio for iPad Pro 11″ — White
MXT42,Smart Folio,Black,iPad Pro 11 M1,Spring 2020,,Smart Folio for iPad Pro 11″ — Black
MXT52,Smart Folio,Pink Sand,iPad Pro 11 M1,Spring 2020,,Smart Folio for iPad Pro 11″ — Pink Sand
MXT62,Smart Folio,Surf Blue,iPad Pro 11 M1,Spring 2020,,Smart Folio for iPad Pro 11″ — Surf Blue
MXT72,Smart Folio,Cactus,iPad Pro 11 M1,Spring 2020,,Smart Folio for iPad Pro 11″ — Cactus
MXQT2,Magic Keyboard,Black,iPad Pro 11 M1,Spring 2020,,Magic Keyboard for iPad Pro 11″ — Black
MWVP2,Smart Battery Case,Black,iPhone 11 Pro Max,November 2019,,iPhone 11 Pro Max Smart Battery Case — Black
MWVQ2,Smart Battery Case,White,iPhone 11 Pro Max,November 2019,,iPhone 11 Pro Max Smart Battery Case — White
MWVR2,Smart Battery Case,Pink Sand,iPhone 11 Pro Max,November 2019,,iPhone 11 Pro Max Smart Battery Case — Pink Sand
MXM82,Silicone Case,Pomegranate,iPhone 11 Pro Max,November 2019,,iPhone 11 Pro Max Silicone Case — Pomegranate
MXM92,Silicone Case,Beryl,iPhone 11 Pro Max,November 2019,,iPhone 11 Pro Max Silicone Case — Beryl
MWVL2,Smart Battery Case,Black,iPhone 11 Pro,November 2019,,iPhone 11 Pro Smart Battery Case — Black
MWVM2,Smart Battery Case,White,iPhone 11 Pro,November 2019,,iPhone 11 Pro Smart Battery Case — White
MWVN2,Smart Battery Case,Pink Sand,iPhone 11 Pro,November 2019,,iPhone 11 Pro Smart Battery Case — Pink Sand
MXM62,Silicone Case,Pomegranate,iPhone 11 Pro,November 2019,,iPhone 11 Pro Silicone Case — Pomegranate
MXM72,Silicone Case,Beryl,iPhone 11 Pro,November 2019,,iPhone 11 Pro Silicone Case — Beryl
MWYV2,Silicone Case,(PRODUCT)RED,iPhone 11 Pro Max,Autumn 2019,,iPhone 11 Pro Max Silicone Case — (PRODUCT)RED
MWYW2,Silicone Case,Midnight Blue,iPhone 11 Pro Max,Autumn 2019,,iPhone 11 Pro Max Silicone Case — Midnight Blue
MWYX2,Silicone Case,White,iPhone 11 Pro Max,Autumn 2019,,iPhone 11 Pro Max Silicone Case — White
MWYY2,Silicone Case,Pink Sand,iPhone 11 Pro Max,Autumn 2019,,iPhone 11 Pro Max Silicone Case — Pink Sand
MX002,Silicone Case,Black,iPhone 11 Pro Max,Autumn 2019,,iPhone 11 Pro Max Silicone Case — Black
MX012,Silicone Case,Pine Green,iPhone 11 Pro Max,Autumn 2019,,iPhone 11 Pro Max Silicone Case — Pine Green
MX022,Silicone Case,Clementine (Orange),iPhone 11 Pro Max,Autumn 2019,,iPhone 11 Pro Max Silicone Case — Clementine (Orange)
MX032,Silicone Case,Alaskan Blue,iPhone 11 Pro Max,Autumn 2019,,iPhone 11 Pro Max Silicone Case — Alaskan Blue
MX082,Leather Folio,Black,iPhone 11 Pro Max,Autumn 2019,,iPhone 11 Pro Max Leather Folio — Black
MX092,Leather Folio,Aubergine,iPhone 11 Pro Max,Autumn 2019,,iPhone 11 Pro Max Leather Folio — Aubergine
MX0A2,Leather Case,Meyer Lemon,iPhone 11 Pro Max,Autumn 2019,,iPhone 11 Pro Max Leather Case — Meyer Lemon
MX0C2,Leather Case,Forest Green,iPhone 11 Pro Max,Autumn 2019,,iPhone 11 Pro Max Leather Case — Forest Green
MX0D2,Leather Case,Saddle Brown,iPhone 11 Pro Max,Autumn 2019,,iPhone 11 Pro Max Leather Case — Saddle Brown
MX0E2,Leather Case,Black,iPhone 11 Pro Max,Autumn 2019,,iPhone 11 Pro Max Leather Case — Black
MX0F2,Leather Case,(PRODUCT)RED,iPhone 11 Pro Max,Autumn 2019,,iPhone 11 Pro Max Leather Case — (PRODUCT)RED
MX0G2,Leather Case,Midnight Blue,iPhone 11 Pro Max,Autumn 2019,,iPhone 11 Pro Max Leather Case — Midnight Blue
MX0H2,Clear Case,Clear Case,iPhone 11 Pro Max,Autumn 2019,,iPhone 11 Pro Max Clear Case
MWYH2,Silicone Case,(PRODUCT)RED,iPhone 11 Pro,Autumn 2019,,iPhone 11 Pro Silicone Case — (PRODUCT)RED
MWYJ2,Silicone Case,Midnight Blue,iPhone 11 Pro,Autumn 2019,,iPhone 11 Pro Silicone Case — Midnight Blue
MWYL2,Silicone Case,White,iPhone 11 Pro,Autumn 2019,,iPhone 11 Pro Silicone Case — White
MWYM2,Silicone Case,Pink Sand,iPhone 11 Pro,Autumn 2019,,iPhone 11 Pro Silicone Case — Pink Sand
MWYN2,Silicone Case,Black,iPhone 11 Pro,Autumn 2019,,iPhone 11 Pro Silicone Case — Black
MWYP2,Silicone Case,Pine Green,iPhone 11 Pro,Autumn 2019,,iPhone 11 Pro Silicone Case — Pine Green
MWYQ2,Silicone Case,Clementine (Orange),iPhone 11 Pro,Autumn 2019,,iPhone 11 Pro Silicone Case — Clementine (Orange)
MWYR2,Silicone Case,Alaskan Blue,iPhone 11 Pro,Autumn 2019,,iPhone 11 Pro Silicone Case — Alaskan Blue
MX062,Leather Folio,Black,iPhone 11 Pro,Autumn 2019,,iPhone 11 Pro Leather Folio — Black
MX072,Leather Folio,Aubergine,iPhone 11 Pro,Autumn 2019,,iPhone 11 Pro Leather Folio — Aubergine
MWYA2,Leather Case,Meyer Lemon,iPhone 11 Pro,Autumn 2019,,iPhone 11 Pro Leather Case — Meyer Lemon
MWYC2,Leather Case,Forest Green,iPhone 11 Pro,Autumn 2019,,iPhone 11 Pro Leather Case — Forest Green
MWYD2,Leather Case,Saddle Brown,iPhone 11 Pro,Autumn 2019,,iPhone 11 Pro Leather Case — Saddle Brown
MWYE2,Leather Case,Black,iPhone 11 Pro,Autumn 2019,,iPhone 11 Pro Leather Case — Black
MWYF2,Leather Case,(PRODUCT)RED,iPhone 11 Pro,Autumn 2019,,iPhone 11 Pro Leather Case — (PRODUCT)RED
MWYG2,Leather Case,Midnight Blue,iPhone 11 Pro,Autumn 2019,,iPhone 11 Pro Leather Case — Midnight Blue
MWYK2,Clear Case,Clear Case,iPhone 11 Pro,Autumn 2019,,iPhone 11 Pro Clear Case
MWVH2,Smart Battery Case,Black,iPhone 11,Autumn 2019,,iPhone 11 Smart Battery Case — Black
MWVJ2,Smart Battery Case,White,iPhone 11,Autumn 2019,,iPhone 11 Smart Battery Case — White
MWVU2,Silicone Case,Black,iPhone 11,Autumn 2019,,iPhone 11 Silicone Case — Black
MWVX2,Silicone Case,White,iPhone 11,Autumn 2019,,iPhone 11 Silicone Case — White
MWVG2,Clear Case,Clear Case,iPhone 11,Autumn 2019,MWVG2_AV4,iPhone 11 Clear Case
MX4X2,Smart Folio,Alaskan Blue,iPad Pro 11 A12X,Autumn 2019,,Smart Folio for iPad Pro 11″ — Alaskan Blue
MW952,Silicone Case,Cornflower,iPhone XS Max,Summer 2019,,iPhone XS Max Silicone Case — Cornflower
MW962,Silicone Case,Canary Yellow,iPhone XS Max,Summer 2019,,iPhone XS Max Silicone Case — Canary Yellow
MW972,Silicone Case,Dragon Fruit,iPhone XS Max,Summer 2019,,iPhone XS Max Silicone Case — Dragon Fruit
MW982,Silicone Case,Cornflower,iPhone XS,Summer 2019,,iPhone XS Silicone Case — Cornflower
MW992,Silicone Case,Canary Yellow,iPhone XS,Summer 2019,,iPhone XS Silicone Case — Canary Yellow
MW9A2,Silicone Case,Dragon Fruit,iPhone XS,Summer 2019,,iPhone XS Silicone Case — Dragon Fruit
MVF62,Silicone Case,Delft Blue,iPhone XS Max,Spring 2019,,iPhone XS Max Silicone Case — Delft Blue
MVF72,Silicone Case,Papaya,iPhone XS Max,Spring 2019,,iPhone XS Max Silicone Case — Papaya
MVF82,Silicone Case,Spearmint,iPhone XS Max,Spring 2019,,iPhone XS Max Silicone Case — Spearmint
MVFT2,Leather Folio,Cornflower,iPhone XS Max,Spring 2019,,iPhone XS Max Leather Folio — Cornflower
MVFU2,Leather Folio,Sunset,iPhone XS Max,Spring 2019,,iPhone XS Max Leather Folio — Sunset
MVFV2,Leather Folio,Lilac,iPhone XS Max,Spring 2019,,iPhone XS Max Leather Folio — Lilac
MVFX2,Leather Case,Cornflower,iPhone XS Max,Spring 2019,,iPhone XS Max Leather Case — Cornflower
MVFY2,Leather Case,Sunset,iPhone XS Max,Spring 2019,,iPhone XS Max Leather Case — Sunset
MVH02,Leather Case,Lilac,iPhone XS Max,Spring 2019,,iPhone XS Max Leather Case — Lilac
MVF12,Silicone Case,Delft Blue,iPhone XS,Spring 2019,,iPhone XS Silicone Case — Delft Blue
MVF22,Silicone Case,Papaya,iPhone XS,Spring 2019,,iPhone XS Silicone Case — Papaya
MVF52,Silicone Case,Spearmint,iPhone XS,Spring 2019,,iPhone XS Silicone Case — Spearmint
MVF92,Leather Folio,Lilac,iPhone XS,Spring 2019,,iPhone XS Leather Folio — Lilac
MVFC2,Leather Folio,Sunset,iPhone XS,Spring 2019,,iPhone XS Leather Folio — Sunset
MVFD2,Leather Folio,Cornflower,iPhone XS,Spring 2019,,iPhone XS Leather Folio — Cornflower
MVFP2,Leather Case,Cornflower,iPhone XS,Spring 2019,,iPhone XS Leather Case — Cornflower
MVFQ2,Leather Case,Sunset,iPhone XS,Spring 2019,,iPhone XS Leather Case — Sunset
MVFR2,Leather Case,Lilac,iPhone XS,Spring 2019,,iPhone XS Leather Case — Lilac
MRXQ2,Smart Battery Case,Black,iPhone XS Max,November 2018,,iPhone XS Max Smart Battery Case — Black
MRXR2,Smart Battery Case,White,iPhone XS Max,November 2018,,iPhone XS Max Smart Battery Case — White
MVQQ2,Smart Battery Case,Pink Sand,iPhone XS Max,November 2018,,iPhone XS Max Smart Battery Case — Pink Sand
MUJP2,Silicone Case,Hibiscus,iPhone XS Max,November 2018,,iPhone XS Max Silicone Case — Hibiscus
MUJQ2,Silicone Case,Pacific Green,iPhone XS Max,November 2018,,iPhone XS Max Silicone Case — Pacific Green
MUJR2,Silicone Case,Mellow Yellow,iPhone XS Max,November 2018,,iPhone XS Max Silicone Case — Mellow Yellow
MRXK2,Smart Battery Case,Black,iPhone XS,November 2018,,iPhone XS Smart Battery Case — Black
MRXL2,Smart Battery Case,White,iPhone XS,November 2018,,iPhone XS Smart Battery Case — White
MVQP2,Smart Battery Case,Pink Sand,iPhone XS,November 2018,,iPhone XS Smart Battery Case — Pink Sand
MUJT2,Silicone Case,Hibiscus,iPhone XS,November 2018,,iPhone XS Silicone Case — Hibiscus
MUJU2,Silicone Case,Pacific Green,iPhone XS,November 2018,,iPhone XS Silicone Case — Pacific Green
MUJV2,Silicone Case,Mellow Yellow,iPhone XS,November 2018,,iPhone XS Silicone Case — Mellow Yellow
MRWE2,Silicone Case,Black,iPhone XS Max,Autumn 2018,,iPhone XS Max Silicone Case — Black
MRWF2,Silicone Case,White,iPhone XS Max,Autumn 2018,,iPhone XS Max Silicone Case — White
MRWG2,Silicone Case,Midnight Blue,iPhone XS Max,Autumn 2018,,iPhone XS Max Silicone Case — Midnight Blue
MRWH2,Silicone Case,(PRODUCT)RED,iPhone XS Max,Autumn 2018,,iPhone XS Max Silicone Case — (PRODUCT)RED
MRWJ2,Silicone Case,Stone,iPhone XS Max,Autumn 2018,,iPhone XS Max Silicone Case — Stone
MTFD2,Silicone Case,Pink Sand,iPhone XS Max,Autumn 2018,,iPhone XS Max Silicone Case — Pink Sand
MTFE2,Silicone Case,Blue Horizon,iPhone XS Max,Autumn 2018,,iPhone XS Max Silicone Case — Blue Horizon
MTFF2,Silicone Case,Nectarine,iPhone XS Max,Autumn 2018,,iPhone XS Max Silicone Case — Nectarine
MTFH2,Silicone Case,Lavender Gray,iPhone XS Max,Autumn 2018,,iPhone XS Max Silicone Case — Lavender Gray
MRX22,Leather Folio,Black,iPhone XS Max,Autumn 2018,,iPhone XS Max Leather Folio — Black
MRX32,Leather Folio,(PRODUCT)RED,iPhone XS Max,Autumn 2018,,iPhone XS Max Leather Folio — (PRODUCT)RED
MRX42,Leather Folio,Forest Green,iPhone XS Max,Autumn 2018,,iPhone XS Max Leather Folio — Forest Green
MRX52,Leather Folio,Cape Cod Blue,iPhone XS Max,Autumn 2018,,iPhone XS Max Leather Folio — Cape Cod Blue
MRX62,Leather Folio,Peony Pink,iPhone XS Max,Autumn 2018,,iPhone XS Max Leather Folio — Peony Pink
MRWQ2,Leather Case,(PRODUCT)RED,iPhone XS Max,Autumn 2018,,iPhone XS Max Leather Case — (PRODUCT)RED
MRWR2,Leather Case,Taupe,iPhone XS Max,Autumn 2018,,iPhone XS Max Leather Case — Taupe
MRWT2,Leather Case,Black,iPhone XS Max,Autumn 2018,,iPhone XS Max Leather Case — Black
MRWU2,Leather Case,Midnight Blue,iPhone XS Max,Autumn 2018,,iPhone XS Max Leather Case — Midnight Blue
MRWV2,Leather Case,Saddle Brown,iPhone XS Max,Autumn 2018,,iPhone XS Max Leather Case — Saddle Brown
MTEV2,Leather Case,Forest Green,iPhone XS Max,Autumn 2018,,iPhone XS Max Leather Case — Forest Green
MTEW2,Leather Case,Cape Cod Blue,iPhone XS Max,Autumn 2018,,iPhone XS Max Leather Case — Cape Cod Blue
MTEX2,Leather Case,Peony Pink,iPhone XS Max,Autumn 2018,,iPhone XS Max Leather Case — Peony Pink
MRW72,Silicone Case,Black,iPhone XS,Autumn 2018,,iPhone XS Silicone Case — Black
MRW82,Silicone Case,White,iPhone XS,Autumn 2018,,iPhone XS Silicone Case — White
MRW92,Silicone Case,Midnight Blue,iPhone XS,Autumn 2018,,iPhone XS Silicone Case — Midnight Blue
MRWC2,Silicone Case,(PRODUCT)RED,iPhone XS,Autumn 2018,,iPhone XS Silicone Case — (PRODUCT)RED
MRWD2,Silicone Case,Stone,iPhone XS,Autumn 2018,,iPhone XS Silicone Case — Stone
MTF82,Silicone Case,Pink Sand,iPhone XS,Autumn 2018,,iPhone XS Silicone Case — Pink Sand
MTF92,Silicone Case,Blue Horizon,iPhone XS,Autumn 2018,,iPhone XS Silicone Case — Blue Horizon
MTFA2,Silicone Case,Nectarine,iPhone XS,Autumn 2018,,iPhone XS Silicone Case — Nectarine
MTFC2,Silicone Case,Lavender Gray,iPhone XS,Autumn 2018,,iPhone XS Silicone Case — Lavender Gray
MRWW2,Leather Folio,Black,iPhone XS,Autumn 2018,,iPhone XS Leather Folio — Black
MRWX2,Leather Folio,(PRODUCT)RED,iPhone XS,Autumn 2018,,iPhone XS Leather Folio — (PRODUCT)RED
MRWY2,Leather Folio,Forest Green,iPhone XS,Autumn 2018,,iPhone XS Leather Folio — Forest Green
MRX02,Leather Folio,Cape Cod Blue,iPhone XS,Autumn 2018,,iPhone XS Leather Folio — Cape Cod Blue
MRX12,Leather Folio,Peony Pink,iPhone XS,Autumn 2018,,iPhone XS Leather Folio — Peony Pink
MRWK2,Leather Case,(PRODUCT)RED,iPhone XS,Autumn 2018,,iPhone XS Leather Case — (PRODUCT)RED
MRWL2,Leather Case,Taupe,iPhone XS,Autumn 2018,,iPhone XS Leather Case — Taupe
MRWM2,Leather Case,Black,iPhone XS,Autumn 2018,,iPhone XS Leather Case — Black
MRWN2,Leather Case,Midnight Blue,iPhone XS,Autumn 2018,,iPhone XS Leather Case — Midnight Blue
MRWP2,Leather Case,Saddle Brown,iPhone XS,Autumn 2018,,iPhone XS Leather Case — Saddle Brown
MTER2,Leather Case,Forest Green,iPhone XS,Autumn 2018,,iPhone XS Leather Case — Forest Green
MTET2,Leather Case,Cape Cod Blue,iPhone XS,Autumn 2018,,iPhone XS Leather Case — Cape Cod Blue
MTEU2,Leather Case,Peony Pink,iPhone XS,Autumn 2018,,iPhone XS Leather Case — Peony Pink
MU7M2,Smart Battery Case,Black,iPhone XR,Autumn 2018,,iPhone XR Smart Battery Case — Black
MU7N2,Smart Battery Case,White,iPhone XR,Autumn 2018,,iPhone XR Smart Battery Case — White
MRW62,Clear Case,Clear Case,iPhone XR,Autumn 2018,MRW62_AV4,iPhone XR Clear Case
MRXD2,Smart Folio,Charcoal Gray,iPad Pro 12.9 A12X,Autumn 2018,,Smart Folio for iPad Pro 12.9″ — Charcoal Gray
MRXE2,Smart Folio,White,iPad Pro 12.9 A12X,Autumn 2018,,Smart Folio for iPad Pro 12.9″ — White
MVQN2,Smart Folio,Pink Sand,iPad Pro 12.9 A12X,Autumn 2018,,Smart Folio for iPad Pro 12.9″ — Pink Sand
MU8H2,Keyboard Folio,Black,iPad Pro 12.9 A12X,Autumn 2018,,Keyboard Folio for iPad Pro 12.9″ — Black
MRX72,Smart Folio,Charcoal Gray,iPad Pro 11 A12X,Autumn 2018,,Smart Folio for iPad Pro 11″ — Charcoal Gray
MRX82,Smart Folio,White,iPad Pro 11 A12X,Autumn 2018,,Smart Folio for iPad Pro 11″ — White
MRX92,Smart Folio,Pink Sand,iPad Pro 11 A12X,Autumn 2018,,Smart Folio for iPad Pro 11″ — Pink Sand
MU8G2,Keyboard Folio,Black,iPad Pro 11 A12X,Autumn 2018,,Keyboard Folio for iPad Pro 11″ — Black
MRRC2,Silicone Case,Peach,iPhone X,Summer 2018,,iPhone X Silicone Case — Peach
MRRD2,Silicone Case,Sky Blue,iPhone X,Summer 2018,,iPhone X Silicone Case — Sky Blue
MRRE2,Silicone Case,Marine Green,iPhone X,Summer 2018,,iPhone X Silicone Case — Marine Green
MRR82,Silicone Case,Peach,iPhone 8 Plus,Summer 2018,,iPhone 8 Plus Silicone Case — Peach
MRR92,Silicone Case,Sky Blue,iPhone 8 Plus,Summer 2018,,iPhone 8 Plus Silicone Case — Sky Blue
MRRA2,Silicone Case,Marine Green,iPhone 8 Plus,Summer 2018,,iPhone 8 Plus Silicone Case — Marine Green
MRR52,Silicone Case,Peach,iPhone 8,Summer 2018,,iPhone 8 Silicone Case — Peach
MRR62,Silicone Case,Sky Blue,iPhone 8,Summer 2018,,iPhone 8 Silicone Case — Sky Blue
MRR72,Silicone Case,Marine Green,iPhone 8,Summer 2018,,iPhone 8 Silicone Case — Marine Green
MRG12,Silicone Case,Red Raspberry,iPhone X,Spring 2018,,iPhone X Silicone Case — Red Raspberry
MRG22,Silicone Case,Denim Blue,iPhone X,Spring 2018,,iPhone X Silicone Case — Denim Blue
MRG32,Silicone Case,Lemonade,iPhone X,Spring 2018,,iPhone X Silicone Case — Lemonade
MRGE2,Leather Folio,Electric Blue,iPhone X,Spring 2018,,iPhone X Leather Folio — Electric Blue
MRGF2,Leather Folio,Soft Pink,iPhone X,Spring 2018,,iPhone X Leather Folio — Soft Pink
MRQD2,Leather Folio,(PRODUCT)RED,iPhone X,Spring 2018,,iPhone X Leather Folio — (PRODUCT)RED
MRGG2,Leather Case,Electric Blue,iPhone X,Spring 2018,,iPhone X Leather Case — Electric Blue
MRGH2,Leather Case,Soft Pink,iPhone X,Spring 2018,,iPhone X Leather Case — Soft Pink
MRGJ2,Leather Case,Spring Yellow,iPhone X,Spring 2018,,iPhone X Leather Case — Spring Yellow
MRGK2,Leather Case,Bright Orange,iPhone X,Spring 2018,,iPhone X Leather Case — Bright Orange
MRFW2,Silicone Case,Red Raspberry,iPhone 8 Plus,Spring 2018,,iPhone 8 Plus Silicone Case — Red Raspberry
MRFX2,Silicone Case,Denim Blue,iPhone 8 Plus,Spring 2018,,iPhone 8 Plus Silicone Case — Denim Blue
MRFY2,Silicone Case,Lemonade,iPhone 8 Plus,Spring 2018,,iPhone 8 Plus Silicone Case — Lemonade
MRG92,Leather Case,Electric Blue,iPhone 8 Plus,Spring 2018,,iPhone 8 Plus Leather Case — Electric Blue
MRGA2,Leather Case,Soft Pink,iPhone 8 Plus,Spring 2018,,iPhone 8 Plus Leather Case — Soft Pink
MRGC2,Leather Case,Spring Yellow,iPhone 8 Plus,Spring 2018,,iPhone 8 Plus Leather Case — Spring Yellow
MRGD2,Leather Case,Bright Orange,iPhone 8 Plus,Spring 2018,,iPhone 8 Plus Leather Case — Bright Orange
MRFQ2,Silicone Case,Red Raspberry,iPhone 8,Spring 2018,,iPhone 8 Silicone Case — Red Raspberry
MRFR2,Silicone Case,Denim Blue,iPhone 8,Spring 2018,,iPhone 8 Silicone Case — Denim Blue
MRFU2,Silicone Case,Lemonade,iPhone 8,Spring 2018,,iPhone 8 Silicone Case — Lemonade
MRG52,Leather Case,Electric Blue,iPhone 8,Spring 2018,,iPhone 8 Leather Case — Electric Blue
MRG62,Leather Case,Soft Pink,iPhone 8,Spring 2018,,iPhone 8 Leather Case — Soft Pink
MRG72,Leather Case,Spring Yellow,iPhone 8,Spring 2018,,iPhone 8 Leather Case — Spring Yellow
MRG82,Leather Case,Bright Orange,iPhone 8,Spring 2018,,iPhone 8 Leather Case — Bright Orange
MQT12,Silicone Case,Black,iPhone X,Autumn 2017,,iPhone X Silicone Case — Black
MQT22,Silicone Case,White,iPhone X,Autumn 2017,,iPhone X Silicone Case — White
MQT32,Silicone Case,Midnight Blue,iPhone X,Autumn 2017,,iPhone X Silicone Case — Midnight Blue
MQT42,Silicone Case,Blue Cobalt,iPhone X,Autumn 2017,,iPhone X Silicone Case — Blue Cobalt
MQT52,Silicone Case,(PRODUCT)RED,iPhone X,Autumn 2017,,iPhone X Silicone Case — (PRODUCT)RED
MQT62,Silicone Case,Pink Sand,iPhone X,Autumn 2017,,iPhone X Silicone Case — Pink Sand
MQT72,Silicone Case,Ultra Violet,iPhone X,Autumn 2017,,iPhone X Silicone Case — Ultra Violet
MQT82,Silicone Case,Rose Red,iPhone X,Autumn 2017,,iPhone X Silicone Case — Rose Red
MR522,Silicone Case,Dark Olive,iPhone X,Autumn 2017,,iPhone X Silicone Case — Dark Olive
MQRV2,Leather Folio,Black,iPhone X,Autumn 2017,,iPhone X Leather Folio — Black
MQRW2,Leather Folio,Cosmos Blue,iPhone X,Autumn 2017,,iPhone X Leather Folio — Cosmos Blue
MQRX2,Leather Folio,Berry,iPhone X,Autumn 2017,,iPhone X Leather Folio — Berry
MQRY2,Leather Folio,Taupe,iPhone X,Autumn 2017,,iPhone X Leather Folio — Taupe
MQT92,Leather Case,Taupe,iPhone X,Autumn 2017,,iPhone X Leather Case — Taupe
MQTA2,Leather Case,Saddle Brown,iPhone X,Autumn 2017,,iPhone X Leather Case — Saddle Brown
MQTC2,Leather Case,Midnight Blue,iPhone X,Autumn 2017,,iPhone X Leather Case — Midnight Blue
MQTD2,Leather Case,Black,iPhone X,Autumn 2017,,iPhone X Leather Case — Black
MQTE2,Leather Case,(PRODUCT)RED,iPhone X,Autumn 2017,,iPhone X Leather Case — (PRODUCT)RED
MQTF2,Leather Case,Charcoal Gray,iPhone X,Autumn 2017,,iPhone X Leather Case — Charcoal Gray
MQTG2,Leather Case,Dark Aubergine,iPhone X,Autumn 2017,,iPhone X Leather Case — Dark Aubergine
MQTH2,Leather Case,Cosmos Blue,iPhone X,Autumn 2017,,iPhone X Leather Case — Cosmos Blue
MQTJ2,Leather Case,Pink Fuchsia,iPhone X,Autumn 2017,,iPhone X Leather Case — Pink Fuchsia
MQGW2,Silicone Case,Black,iPhone 8 Plus,Autumn 2017,,iPhone 8 Plus Silicone Case — Black
MQGX2,Silicone Case,White,iPhone 8 Plus,Autumn 2017,,iPhone 8 Plus Silicone Case — White
MQGY2,Silicone Case,Midnight Blue,iPhone 8 Plus,Autumn 2017,,iPhone 8 Plus Silicone Case — Midnight Blue
MQH02,Silicone Case,Blue Cobalt,iPhone 8 Plus,Autumn 2017,,iPhone 8 Plus Silicone Case — Blue Cobalt
MQH12,Silicone Case,(PRODUCT)RED,iPhone 8 Plus,Autumn 2017,,iPhone 8 Plus Silicone Case — (PRODUCT)RED
MQH22,Silicone Case,Pink Sand,iPhone 8 Plus,Autumn 2017,,iPhone 8 Plus Silicone Case — Pink Sand
MQH42,Silicone Case,Ultra Violet,iPhone 8 Plus,Autumn 2017,,iPhone 8 Plus Silicone Case — Ultra Violet
MQH52,Silicone Case,Rose Red,iPhone 8 Plus,Autumn 2017,,iPhone 8 Plus Silicone Case — Rose Red
MR3Q2,Silicone Case,Dark Olive,iPhone 8 Plus,Autumn 2017,,iPhone 8 Plus Silicone Case — Dark Olive
MQHJ2,Leather Case,Taupe,iPhone 8 Plus,Autumn 2017,,iPhone 8 Plus Leather Case — Taupe
MQHK2,Leather Case,Saddle Brown,iPhone 8 Plus,Autumn 2017,,iPhone 8 Plus Leather Case — Saddle Brown
MQHL2,Leather Case,Midnight Blue,iPhone 8 Plus,Autumn 2017,,iPhone 8 Plus Leather Case — Midnight Blue
MQHM2,Leather Case,Black,iPhone 8 Plus,Autumn 2017,,iPhone 8 Plus Leather Case — Black
MQHN2,Leather Case,(PRODUCT)RED,iPhone 8 Plus,Autumn 2017,,iPhone 8 Plus Leather Case — (PRODUCT)RED
MQHP2,Leather Case,Charcoal Gray,iPhone 8 Plus,Autumn 2017,,iPhone 8 Plus Leather Case — Charcoal Gray
MQHQ2,Leather Case,Dark Aubergine,iPhone 8 Plus,Autumn 2017,,iPhone 8 Plus Leather Case — Dark Aubergine
MQHR2,Leather Case,Cosmos Blue,iPhone 8 Plus,Autumn 2017,,iPhone 8 Plus Leather Case — Cosmos Blue
MQHT2,Leather Case,Pink Fuchsia,iPhone 8 Plus,Autumn 2017,,iPhone 8 Plus Leather Case — Pink Fuchsia
MQGK2,Silicone Case,Black,iPhone 8,Autumn 2017,,iPhone 8 Silicone Case — Black
MQGL2,Silicone Case,White,iPhone 8,Autumn 2017,,iPhone 8 Silicone Case — White
MQGM2,Silicone Case,Midnight Blue,iPhone 8,Autumn 2017,,iPhone 8 Silicone Case — Midnight Blue
MQGN2,Silicone Case,Blue Cobalt,iPhone 8,Autumn 2017,,iPhone 8 Silicone Case — Blue Cobalt
MQGP2,Silicone Case,(PRODUCT)RED,iPhone 8,Autumn 2017,,iPhone 8 Silicone Case — (PRODUCT)RED
MQGQ2,Silicone Case,Pink Sand,iPhone 8,Autumn 2017,,iPhone 8 Silicone Case — Pink Sand
MQGR2,Silicone Case,Ultra Violet,iPhone 8,Autumn 2017,,iPhone 8 Silicone Case — Ultra Violet
MQGT2,Silicone Case,Rose Red,iPhone 8,Autumn 2017,,iPhone 8 Silicone Case — Rose Red
MR3N2,Silicone Case,Dark Olive,iPhone 8,Autumn 2017,,iPhone 8 Silicone Case — Dark Olive
MQH62,Leather Case,Taupe,iPhone 8,Autumn 2017,,iPhone 8 Leather Case — Taupe
MQH72,Leather Case,Saddle Brown,iPhone 8,Autumn 2017,,iPhone 8 Leather Case — Saddle Brown
MQH82,Leather Case,Midnight Blue,iPhone 8,Autumn 2017,,iPhone 8 Leather Case — Midnight Blue
MQH92,Leather Case,Black,iPhone 8,Autumn 2017,,iPhone 8 Leather Case — Black
MQHA2,Leather Case,(PRODUCT)RED,iPhone 8,Autumn 2017,,iPhone 8 Leather Case — (PRODUCT)RED
MQHC2,Leather Case,Charcoal Gray,iPhone 8,Autumn 2017,,iPhone 8 Leather Case — Charcoal Gray
MQHD2,Leather Case,Dark Aubergine,iPhone 8,Autumn 2017,,iPhone 8 Leather Case — Dark Aubergine
MQHF2,Leather Case,Cosmos Blue,iPhone 8,Autumn 2017,,iPhone 8 Leather Case — Cosmos Blue
MQHG2,Leather Case,Pink Fuchsia,iPhone 8,Autumn 2017,,iPhone 8 Leather Case — Pink Fuchsia
MQ5C2,Silicone Case,Mist Blue,iPhone 7 Plus,Summer 2017,,iPhone 7 Plus Silicone Case — Mist Blue
MQ5D2,Silicone Case,Flamingo,iPhone 7 Plus,Summer 2017,,iPhone 7 Plus Silicone Case — Flamingo
MQ5E2,Silicone Case,Pollen,iPhone 7 Plus,Summer 2017,,iPhone 7 Plus Silicone Case — Pollen
MQ5H2,Leather Case,Geranium,iPhone 7 Plus,Summer 2017,,iPhone 7 Plus Leather Case — Geranium
MQ5J2,Leather Case,Sunflower,iPhone 7 Plus,Summer 2017,,iPhone 7 Plus Leather Case — Sunflower
MQ582,Silicone Case,Mist Blue,iPhone 7,Summer 2017,,iPhone 7 Silicone Case — Mist Blue
MQ592,Silicone Case,Flamingo,iPhone 7,Summer 2017,,iPhone 7 Silicone Case — Flamingo
MQ5A2,Silicone Case,Pollen,iPhone 7,Summer 2017,,iPhone 7 Silicone Case — Pollen
MQ5F2,Leather Case,Geranium,iPhone 7,Summer 2017,,iPhone 7 Leather Case — Geranium
MQ5G2,Leather Case,Sunflower,iPhone 7,Summer 2017,,iPhone 7 Leather Case — Sunflower
MQ0M2,Silicone Case,Azure,iPhone 7 Plus,Spring 2017,,iPhone 7 Plus Silicone Case — Azure
MQ0N2,Silicone Case,Camellia,iPhone 7 Plus,Spring 2017,,iPhone 7 Plus Silicone Case — Camellia
MQ0P2,Silicone Case,Pebble,iPhone 7 Plus,Spring 2017,,iPhone 7 Plus Silicone Case — Pebble
MPTC2,Leather Case,Taupe,iPhone 7 Plus,Spring 2017,,iPhone 7 Plus Leather Case — Taupe
MPTF2,Leather Case,Sapphire,iPhone 7 Plus,Spring 2017,,iPhone 7 Plus Leather Case — Sapphire
MPVU2,Leather Case,Berry,iPhone 7 Plus,Spring 2017,,iPhone 7 Plus Leather Case — Berry
MQ0J2,Silicone Case,Azure,iPhone 7,Spring 2017,,iPhone 7 Silicone Case — Azure
MQ0K2,Silicone Case,Camellia,iPhone 7,Spring 2017,,iPhone 7 Silicone Case — Camellia
MQ0L2,Silicone Case,Pebble,iPhone 7,Spring 2017,,iPhone 7 Silicone Case — Pebble
MPT62,Leather Case,Taupe,iPhone 7,Spring 2017,,iPhone 7 Leather Case — Taupe
MPT92,Leather Case,Sapphire,iPhone 7,Spring 2017,,iPhone 7 Leather Case — Sapphire
MPVG2,Leather Case,Berry,iPhone 7,Spring 2017,,iPhone 7 Leather Case — Berry
MN002,Smart Battery Case,Black,iPhone 7,November 2016,,iPhone 7 Smart Battery Case — Black
MN012,Smart Battery Case,White,iPhone 7,November 2016,,iPhone 7 Smart Battery Case — White
MN022,Smart Battery Case,(PRODUCT)RED,iPhone 7,November 2016,,iPhone 7 Smart Battery Case — (PRODUCT)RED
MMQR2,Silicone Case,White,iPhone 7 Plus,Autumn 2016,,iPhone 7 Plus Silicone Case — White
MMQT2,Silicone Case,(PRODUCT)RED,iPhone 7 Plus,Autumn 2016,,iPhone 7 Plus Silicone Case — (PRODUCT)RED
MMQU2,Silicone Case,Black,iPhone 7 Plus,Autumn 2016,,iPhone 7 Plus Silicone Case — Black
MMQV2,Silicone Case,Midnight Blue,iPhone 7 Plus,Autumn 2016,,iPhone 7 Plus Silicone Case — Midnight Blue
MMQW2,Silicone Case,PRODUCT(RED),iPhone 7 Plus,Autumn 2016,,iPhone 7 Plus Silicone Case — PRODUCT(RED)
MMQX2,Silicone Case,Stone,iPhone 7 Plus,Autumn 2016,,iPhone 7 Plus Silicone Case — Stone
MMQY2,Silicone Case,Sea Blue,iPhone 7 Plus,Autumn 2016,,iPhone 7 Plus Silicone Case — Sea Blue
MMT02,Silicone Case,Ocean Blue,iPhone 7 Plus,Autumn 2016,,iPhone 7 Plus Silicone Case — Ocean Blue
MMT12,Silicone Case,Pink Sand,iPhone 7 Plus,Autumn 2016,,iPhone 7 Plus Silicone Case — Pink Sand
MMYE2,Leather Case,Storm Gray,iPhone 7 Plus,Autumn 2016,,iPhone 7 Plus Leather Case — Storm Gray
MMYF2,Leather Case,Saddle Brown,iPhone 7 Plus,Autumn 2016,,iPhone 7 Plus Leather Case — Saddle Brown
MMYG2,Leather Case,Midnight Blue,iPhone 7 Plus,Autumn 2016,,iPhone 7 Plus Leather Case — Midnight Blue
MMYH2,Leather Case,Sea Blue,iPhone 7 Plus,Autumn 2016,,iPhone 7 Plus Leather Case — Sea Blue
MMYJ2,Leather Case,Black,iPhone 7 Plus,Autumn 2016,,iPhone 7 Plus Leather Case — Black
MMYK2,Leather Case,(PRODUCT)RED,iPhone 7 Plus,Autumn 2016,,iPhone 7 Plus Leather Case — (PRODUCT)RED
MMYL2,Leather Case,Tan,iPhone 7 Plus,Autumn 2016,,iPhone 7 Plus Leather Case — Tan
MMW82,Silicone Case,Black,iPhone 7,Autumn 2016,,iPhone 7 Silicone Case — Black
MMWF2,Silicone Case,White,iPhone 7,Autumn 2016,,iPhone 7 Silicone Case — White
MMWK2,Silicone Case,Midnight Blue,iPhone 7,Autumn 2016,,iPhone 7 Silicone Case — Midnight Blue
MMWN2,Silicone Case,(PRODUCT)RED,iPhone 7,Autumn 2016,,iPhone 7 Silicone Case — (PRODUCT)RED
MMWR2,Silicone Case,PRODUCT(RED),iPhone 7,Autumn 2016,,iPhone 7 Silicone Case — PRODUCT(RED)
MMWW2,Silicone Case,Stone,iPhone 7,Autumn 2016,,iPhone 7 Silicone Case — Stone
MMX02,Silicone Case,Sea Blue,iPhone 7,Autumn 2016,,iPhone 7 Silicone Case — Sea Blue
MMX12,Silicone Case,Ocean Blue,iPhone 7,Autumn 2016,,iPhone 7 Silicone Case — Ocean Blue
MMX22,Silicone Case,Pink Sand,iPhone 7,Autumn 2016,,iPhone 7 Silicone Case — Pink Sand
MMY12,Leather Case,Storm Gray,iPhone 7,Autumn 2016,,iPhone 7 Leather Case — Storm Gray
MMY22,Leather Case,Saddle Brown,iPhone 7,Autumn 2016,,iPhone 7 Leather Case — Saddle Brown
MMY32,Leather Case,Midnight Blue,iPhone 7,Autumn 2016,,iPhone 7 Leather Case — Midnight Blue
MMY42,Leather Case,Sea Blue,iPhone 7,Autumn 2016,,iPhone 7 Leather Case — Sea Blue
MMY52,Leather Case,Black,iPhone 7,Autumn 2016,,iPhone 7 Leather Case — Black
MMY62,Leather Case,(PRODUCT)RED,iPhone 7,Autumn 2016,,iPhone 7 Leather Case — (PRODUCT)RED
MMY72,Leather Case,Tan,iPhone 7,Autumn 2016,,iPhone 7 Leather Case — Tan
MM692,Silicone Case,Mint,iPhone 6s Plus,Spring 2016,,iPhone 6s Plus Silicone Case — Mint
MM6A2,Silicone Case,Light Pink,iPhone 6s Plus,Spring 2016,,iPhone 6s Plus Silicone Case — Light Pink
MM6D2,Silicone Case,Lavender,iPhone 6s Plus,Spring 2016,,iPhone 6s Plus Silicone Case — Lavender
MM6E2,Silicone Case,Royal Blue,iPhone 6s Plus,Spring 2016,,iPhone 6s Plus Silicone Case — Royal Blue
MM6F2,Silicone Case,Apricot,iPhone 6s Plus,Spring 2016,,iPhone 6s Plus Silicone Case — Apricot
MM6H2,Silicone Case,Yellow,iPhone 6s Plus,Spring 2016,,iPhone 6s Plus Silicone Case — Yellow
MM322,Leather Case,Storm Gray,iPhone 6s Plus,Spring 2016,,iPhone 6s Plus Leather Case — Storm Gray
MM362,Leather Case,Marine Blue,iPhone 6s Plus,Spring 2016,,iPhone 6s Plus Leather Case — Marine Blue
MMM32,Leather Case,Marigold,iPhone 6s Plus,Spring 2016,,iPhone 6s Plus Leather Case — Marigold
MM622,Silicone Case,Lavender,iPhone 6s,Spring 2016,,iPhone 6s Silicone Case — Lavender
MM632,Silicone Case,Royal Blue,iPhone 6s,Spring 2016,,iPhone 6s Silicone Case — Royal Blue
MM642,Silicone Case,Apricot,iPhone 6s,Spring 2016,,iPhone 6s Silicone Case — Apricot
MM662,Silicone Case,Yellow,iPhone 6s,Spring 2016,,iPhone 6s Silicone Case — Yellow
MM672,Silicone Case,Mint,iPhone 6s,Spring 2016,,iPhone 6s Silicone Case — Mint
MM682,Silicone Case,Light Pink,iPhone 6s,Spring 2016,,iPhone 6s Silicone Case — Light Pink
MM4D2,Leather Case,Storm Gray,iPhone 6s,Spring 2016,,iPhone 6s Leather Case — Storm Gray
MM4G2,Leather Case,Marine Blue,iPhone 6s,Spring 2016,,iPhone 6s Leather Case — Marine Blue
MMM22,Leather Case,Marigold,iPhone 6s,Spring 2016,,iPhone 6s Leather Case — Marigold
MKXJ2,Silicone Case,Charcoal Gray,iPhone 6s Plus,Autumn 2015,,iPhone 6s Plus Silicone Case — Charcoal Gray
MKXK2,Silicone Case,White,iPhone 6s Plus,Autumn 2015,,iPhone 6s Plus Silicone Case — White
MKXL2,Silicone Case,Midnight Blue,iPhone 6s Plus,Autumn 2015,,iPhone 6s Plus Silicone Case — Midnight Blue
MKXM2,Silicone Case,(PRODUCT)RED,iPhone 6s Plus,Autumn 2015,,iPhone 6s Plus Silicone Case — (PRODUCT)RED
MKXN2,Silicone Case,Stone,iPhone 6s Plus,Autumn 2015,,iPhone 6s Plus Silicone Case — Stone
MKXP2,Silicone Case,Blue,iPhone 6s Plus,Autumn 2015,,iPhone 6s Plus Silicone Case — Blue
MKXQ2,Silicone Case,Orange,iPhone 6s Plus,Autumn 2015,,iPhone 6s Plus Silicone Case — Orange
MLCY2,Silicone Case,Pink,iPhone 6s Plus,Autumn 2015,,iPhone 6s Plus Silicone Case — Pink
MLD02,Silicone Case,Lavender,iPhone 6s Plus,Autumn 2015,,iPhone 6s Plus Silicone Case — Lavender
MLD12,Silicone Case,Turquoise,iPhone 6s Plus,Autumn 2015,,iPhone 6s Plus Silicone Case — Turquoise
MLD22,Silicone Case,Antique White,iPhone 6s Plus,Autumn 2015,,iPhone 6s Plus Silicone Case — Antique White
MKX92,Leather Case,Brown,iPhone 6s Plus,Autumn 2015,,iPhone 6s Plus Leather Case — Brown
MKXC2,Leather Case,Saddle Brown,iPhone 6s Plus,Autumn 2015,,iPhone 6s Plus Leather Case — Saddle Brown
MKXD2,Leather Case,Midnight Blue,iPhone 6s Plus,Autumn 2015,,iPhone 6s Plus Leather Case — Midnight Blue
MKXE2,Leather Case,Rose Gray,iPhone 6s Plus,Autumn 2015,,iPhone 6s Plus Leather Case — Rose Gray
MKXF2,Leather Case,Black,iPhone 6s Plus,Autumn 2015,,iPhone 6s Plus Leather Case — Black
MKXG2,Leather Case,(PRODUCT)RED,iPhone 6s Plus,Autumn 2015,,iPhone 6s Plus Leather Case — (PRODUCT)RED
MGQL2,Smart Battery Case,Charcoal Gray,iPhone 6s,Autumn 2015,,iPhone 6s Smart Battery Case — Charcoal Gray
MGQM2,Smart Battery Case,White,iPhone 6s,Autumn 2015,,iPhone 6s Smart Battery Case — White
MKY02,Silicone Case,Charcoal Gray,iPhone 6s,Autumn 2015,,iPhone 6s Silicone Case — Charcoal Gray
MKY12,Silicone Case,White,iPhone 6s,Autumn 2015,,iPhone 6s Silicone Case — White
MKY22,Silicone Case,Midnight Blue,iPhone 6s,Autumn 2015,,iPhone 6s Silicone Case — Midnight Blue
MKY32,Silicone Case,(PRODUCT)RED,iPhone 6s,Autumn 2015,,iPhone 6s Silicone Case — (PRODUCT)RED
MKY42,Silicone Case,Stone,iPhone 6s,Autumn 2015,,iPhone 6s Silicone Case — Stone
MKY52,Silicone Case,Blue,iPhone 6s,Autumn 2015,,iPhone 6s Silicone Case — Blue
MKY62,Silicone Case,Orange,iPhone 6s,Autumn 2015,,iPhone 6s Silicone Case — Orange
MLCU2,Silicone Case,Pink,iPhone 6s,Autumn 2015,,iPhone 6s Silicone Case — Pink
MLCV2,Silicone Case,Lavender,iPhone 6s,Autumn 2015,,iPhone 6s Silicone Case — Lavender
MLCW2,Silicone Case,Turquoise,iPhone 6s,Autumn 2015,,iPhone 6s Silicone Case — Turquoise
MLCX2,Silicone Case,Antique White,iPhone 6s,Autumn 2015,,iPhone 6s Silicone Case — Antique White
MKXR2,Leather Case,Brown,iPhone 6s,Autumn 2015,,iPhone 6s Leather Case — Brown
MKXT2,Leather Case,Saddle Brown,iPhone 6s,Autumn 2015,,iPhone 6s Leather Case — Saddle Brown
MKXU2,Leather Case,Midnight Blue,iPhone 6s,Autumn 2015,,iPhone 6s Leather Case — Midnight Blue
MKXV2,Leather Case,Rose Gray,iPhone 6s,Autumn 2015,,iPhone 6s Leather Case — Rose Gray
MKXW2,Leather Case,Black,iPhone 6s,Autumn 2015,,iPhone 6s Leather Case — Black
MKXX2,Leather Case,(PRODUCT)RED,iPhone 6s,Autumn 2015,,iPhone 6s Leather Case — (PRODUCT)RED
MGR92,Silicone Case,Black,iPhone 6 Plus,Autumn 2014,,iPhone 6 Plus Silicone Case — Black
MGRF2,Silicone Case,White,iPhone 6 Plus,Autumn 2014,,iPhone 6 Plus Silicone Case — White
MGRG2,Silicone Case,(PRODUCT)RED,iPhone 6 Plus,Autumn 2014,,iPhone 6 Plus Silicone Case — (PRODUCT)RED
MGRH2,Silicone Case,Blue,iPhone 6 Plus,Autumn 2014,,iPhone 6 Plus Silicone Case — Blue
MGXW2,Silicone Case,Pink,iPhone 6 Plus,Autumn 2014,,iPhone 6 Plus Silicone Case — Pink
MGXX2,Silicone Case,Green,iPhone 6 Plus,Autumn 2014,,iPhone 6 Plus Silicone Case — Green
MGQR2,Leather Case,Olive Brown,iPhone 6 Plus,Autumn 2014,,iPhone 6 Plus Leather Case — Olive Brown
MGQV2,Leather Case,Midnight Blue,iPhone 6 Plus,Autumn 2014,,iPhone 6 Plus Leather Case — Midnight Blue
MGQW2,Leather Case,Soft Pink,iPhone 6 Plus,Autumn 2014,,iPhone 6 Plus Leather Case — Soft Pink
MGQX2,Leather Case,Black,iPhone 6 Plus,Autumn 2014,,iPhone 6 Plus Leather Case — Black
MGQY2,Leather Case,(PRODUCT)RED,iPhone 6 Plus,Autumn 2014,,iPhone 6 Plus Leather Case — (PRODUCT)RED
MGQF2,Silicone Case,Black,iPhone 6,Autumn 2014,,iPhone 6 Silicone Case — Black
MGQG2,Silicone Case,White,iPhone 6,Autumn 2014,,iPhone 6 Silicone Case — White
MGQH2,Silicone Case,(PRODUCT)RED,iPhone 6,Autumn 2014,,iPhone 6 Silicone Case — (PRODUCT)RED
MGQJ2,Silicone Case,Blue,iPhone 6,Autumn 2014,,iPhone 6 Silicone Case — Blue
MGXT2,Silicone Case,Pink,iPhone 6,Autumn 2014,,iPhone 6 Silicone Case — Pink
MGXU2,Silicone Case,Green,iPhone 6,Autumn 2014,,iPhone 6 Silicone Case — Green
MGR22,Leather Case,Olive Brown,iPhone 6,Autumn 2014,,iPhone 6 Leather Case — Olive Brown
MGR32,Leather Case,Midnight Blue,iPhone 6,Autumn 2014,,iPhone 6 Leather Case — Midnight Blue
MGR52,Leather Case,Soft Pink,iPhone 6,Autumn 2014,,iPhone 6 Leather Case — Soft Pink
MGR62,Leather Case,Black,iPhone 6,Autumn 2014,,iPhone 6 Leather Case — Black
MGR82,Leather Case,(PRODUCT)RED,iPhone 6,Autumn 2014,,iPhone 6 Leather Case — (PRODUCT)RED
